"segmento","codigo_bovespa","nome_acao","nome_tipo_acao","percentual_participacao_acao","percentual_participacao_acumulada","quantidade_teorica","ano","mes","dia","data_pregao"
"Bens Indls / Máqs e Equips","WEGE3","WEG","ON      NM","3.003","3.003","1482105837.00","2025","07","22","2025-07-22"
"Bens Indls / Máqs e Equips","WEGE3","WEG","ON      NM","2.981","2.981","1482105837.00","2025","07","18","2025-07-18"
"Bens Indls / Mat Transporte","EMBR3","EMBRAER","ON      NM","2.496","2.761","734631701.00","2025","07","18","2025-07-18"
"Bens Indls / Mat Transporte","POMO4","MARCOPOLO","PN      N2","0.265","2.761","666378439.00","2025","07","18","2025-07-18"
"Bens Indls / Mat Transporte","EMBR3","EMBRAER","ON      NM","2.416","2.681","734631701.00","2025","07","22","2025-07-22"
"Bens Indls / Mat Transporte","POMO4","MARCOPOLO","PN      N2","0.265","2.681","666378439.00","2025","07","22","2025-07-22"
"Bens Indls/Transporte","MOTV3","MOTIVA SA","ON      NM","0.614","1.856","991920937.00","2025","07","18","2025-07-18"
"Bens Indls/Transporte","RAIL3","RUMO S.A.","ON      NM","0.972","1.856","1216914397.00","2025","07","18","2025-07-18"
"Bens Indls/Transporte","STBP3","SANTOS BRP","ON      NM","0.270","1.856","409543219.00","2025","07","18","2025-07-18"
"Cons N  Básico / Alimentos Processados","BRFS3","BRF SA","ON      NM","0.819","1.303","832617717.00","2025","07","18","2025-07-18"
"Bens Indls/Transporte","MOTV3","MOTIVA SA","ON      NM","0.595","1.845","991920937.00","2025","07","22","2025-07-22"
"Bens Indls/Transporte","RAIL3","RUMO S.A.","ON      NM","0.976","1.845","1216914397.00","2025","07","22","2025-07-22"
"Bens Indls/Transporte","STBP3","SANTOS BRP","ON      NM","0.274","1.845","409543219.00","2025","07","22","2025-07-22"
"Cons N  Básico / Alimentos Processados","BRFS3","BRF SA","ON      NM","0.860","1.338","832617717.00","2025","07","22","2025-07-22"
"Cons N  Básico / Alimentos Processados","MRFG3","MARFRIG","ON      NM","0.264","1.303","237618211.00","2025","07","18","2025-07-18"
"Cons N  Básico / Alimentos Processados","BEEF3","MINERVA","ON      NM","0.112","1.303","433214256.00","2025","07","18","2025-07-18"
"Cons N  Básico / Alimentos Processados","SMTO3","SAO MARTINHO","ON      NM","0.108","1.303","128130966.00","2025","07","18","2025-07-18"
"Cons N Cíclico / Bebidas","ABEV3","AMBEV S/A","ON","2.827","2.827","4394835131.00","2025","07","18","2025-07-18"
"Cons N Cíclico / Comércio Distr.","ASAI3","ASSAI","ON      NM","0.647","0.730","1345897506.00","2025","07","18","2025-07-18"
"Cons N Cíclico / Comércio Distr.","PCAR3","P.ACUCAR-CBD","ON      NM","0.083","0.730","461260303.00","2025","07","18","2025-07-18"
"Cons N Cíclico / Pr Pessoal Limp","NATU3","NATURA","ON      NM","0.390","0.390","845713747.00","2025","07","18","2025-07-18"
"Cons N Ciclico/Agropecuária","SLCE3","SLC AGRICOLA","ON      NM","0.169","0.169","194261422.00","2025","07","18","2025-07-18"
"Cons N  Básico / Alimentos Processados","MRFG3","MARFRIG","ON      NM","0.262","1.338","237618211.00","2025","07","22","2025-07-22"
"Cons N  Básico / Alimentos Processados","BEEF3","MINERVA","ON      NM","0.107","1.338","433214256.00","2025","07","22","2025-07-22"
"Cons N  Básico / Alimentos Processados","SMTO3","SAO MARTINHO","ON      NM","0.109","1.338","128130966.00","2025","07","22","2025-07-22"
"Cons N Cíclico / Bebidas","ABEV3","AMBEV S/A","ON","2.848","2.848","4394835131.00","2025","07","22","2025-07-22"
"Cons N Cíclico / Comércio Distr.","ASAI3","ASSAI","ON      NM","0.632","0.706","1345897506.00","2025","07","22","2025-07-22"
"Cons N Cíclico / Comércio Distr.","PCAR3","P.ACUCAR-CBD","ON      NM","0.074","0.706","461260303.00","2025","07","22","2025-07-22"
"Cons N Cíclico / Pr Pessoal Limp","NATU3","NATURA","ON      NM","0.384","0.384","845713747.00","2025","07","22","2025-07-22"
"Cons N Ciclico/Agropecuária","SLCE3","SLC AGRICOLA","ON      NM","0.170","0.170","194261422.00","2025","07","22","2025-07-22"
"Consumo Cíclico / Comércio","AZZA3","AZZAS 2154","ON      NM","0.238","1.355","136643320.00","2025","07","18","2025-07-18"
"Consumo Cíclico / Comércio","LREN3","LOJAS RENNER","ON      NM","0.922","1.355","1030587204.00","2025","07","18","2025-07-18"
"Consumo Cíclico / Comércio","MGLU3","MAGAZ LUIZA","ON      NM","0.138","1.355","353448195.00","2025","07","18","2025-07-18"
"Consumo Cíclico / Comércio","PETZ3","PETZ","ON  ATZ NM","0.057","1.355","295519280.00","2025","07","18","2025-07-18"
"Consumo Cíclico / Tecid Vest Calç","VIVA3","VIVARA S.A.","ON      NM","0.148","0.148","123160591.00","2025","07","18","2025-07-18"
"Consumo Cíclico/Constr Civil","CYRE3","CYRELA REALT","ON      NM","0.330","0.654","257174951.00","2025","07","18","2025-07-18"
"Consumo Cíclico/Constr Civil","DIRR3","DIRECIONAL","ON      NM","0.215","0.654","108541907.00","2025","07","18","2025-07-18"
"Consumo Cíclico/Constr Civil","MRVE3","MRV","ON      NM","0.109","0.654","375507695.00","2025","07","18","2025-07-18"
"Consumo Cíclico/Viagens e Lazer","CVCB3","CVC BRASIL","ON      NM","0.054","0.409","450926127.00","2025","07","18","2025-07-18"
"Consumo Cíclico/Viagens e Lazer","SMFT3","SMART FIT","ON      NM","0.355","0.409","328547988.00","2025","07","18","2025-07-18"
"Diversos","COGN3","COGNA ON","ON      NM","0.244","2.221","1872454628.00","2025","07","18","2025-07-18"
"Diversos","RENT3","LOCALIZA","ON      NM","1.707","2.221","956264719.00","2025","07","18","2025-07-18"
"Diversos","VAMO3","VAMOS","ON      NM","0.092","2.221","485166826.00","2025","07","18","2025-07-18"
"Diversos","YDUQ3","YDUQS PART","ON      NM","0.178","2.221","260249057.00","2025","07","18","2025-07-18"
"Financ e Outros / Explor Imóveis","ALOS3","ALLOS","ON      NM","0.506","1.107","476976044.00","2025","07","18","2025-07-18"
"Financ e Outros / Explor Imóveis","IGTI11","IGUATEMI S.A","UNT     N1","0.209","1.107","198474750.00","2025","07","18","2025-07-18"
"Consumo Cíclico / Comércio","AZZA3","AZZAS 2154","ON      NM","0.234","1.290","136643320.00","2025","07","22","2025-07-22"
"Consumo Cíclico / Comércio","LREN3","LOJAS RENNER","ON      NM","0.869","1.290","1030587204.00","2025","07","22","2025-07-22"
"Consumo Cíclico / Comércio","MGLU3","MAGAZ LUIZA","ON      NM","0.130","1.290","353448195.00","2025","07","22","2025-07-22"
"Consumo Cíclico / Comércio","PETZ3","PETZ","ON  ATZ NM","0.057","1.290","295519280.00","2025","07","22","2025-07-22"
"Consumo Cíclico / Tecid Vest Calç","VIVA3","VIVARA S.A.","ON      NM","0.153","0.153","123160591.00","2025","07","22","2025-07-22"
"Consumo Cíclico/Constr Civil","CYRE3","CYRELA REALT","ON      NM","0.327","0.645","257174951.00","2025","07","22","2025-07-22"
"Consumo Cíclico/Constr Civil","DIRR3","DIRECIONAL","ON      NM","0.211","0.645","108541907.00","2025","07","22","2025-07-22"
"Consumo Cíclico/Constr Civil","MRVE3","MRV","ON      NM","0.107","0.645","375507695.00","2025","07","22","2025-07-22"
"Consumo Cíclico/Viagens e Lazer","CVCB3","CVC BRASIL","ON      NM","0.050","0.391","450926127.00","2025","07","22","2025-07-22"
"Consumo Cíclico/Viagens e Lazer","SMFT3","SMART FIT","ON      NM","0.341","0.391","328547988.00","2025","07","22","2025-07-22"
"Diversos","COGN3","COGNA ON","ON      NM","0.234","2.144","1872454628.00","2025","07","22","2025-07-22"
"Diversos","RENT3","LOCALIZA","ON      NM","1.654","2.144","956264719.00","2025","07","22","2025-07-22"
"Diversos","VAMO3","VAMOS","ON      NM","0.090","2.144","485166826.00","2025","07","22","2025-07-22"
"Diversos","YDUQ3","YDUQS PART","ON      NM","0.166","2.144","260249057.00","2025","07","22","2025-07-22"
"Financ e Outros / Explor Imóveis","ALOS3","ALLOS","ON      NM","0.497","1.086","476976044.00","2025","07","22","2025-07-22"
"Financ e Outros / Explor Imóveis","IGTI11","IGUATEMI S.A","UNT     N1","0.204","1.086","198474750.00","2025","07","22","2025-07-22"
"Financ e Outros / Explor Imóveis","MULT3","MULTIPLAN","ON      N2","0.392","1.107","314311970.00","2025","07","18","2025-07-18"
"Financ e Outros / Holdings Divers","ITSA4","ITAUSA","PN      N1","2.983","2.983","5856697902.00","2025","07","18","2025-07-18"
"Financ e Outros / Interms Financs","BBDC3","BRADESCO","ON      N1","0.967","18.858","1469064981.00","2025","07","18","2025-07-18"
"Financ e Outros / Interms Financs","BBDC4","BRADESCO","PN      N1","3.915","18.858","5111682020.00","2025","07","18","2025-07-18"
"Financ e Outros / Interms Financs","BBAS3","BRASIL","ON      NM","2.817","18.858","2842613858.00","2025","07","18","2025-07-18"
"Financ e Outros / Interms Financs","BPAC11","BTGP BANCO","UNT     N2","2.566","18.858","1287247964.00","2025","07","18","2025-07-18"
"Financ e Outros / Interms Financs","ITUB4","ITAUUNIBANCO","PN      N1","8.120","18.858","4757320048.00","2025","07","18","2025-07-18"
"Financ e Outros / Interms Financs","SANB11","SANTANDER BR","UNT EJ","0.473","18.858","356586730.00","2025","07","18","2025-07-18"
"Financ e Outros / Previd  Seguros","BBSE3","BBSEGURIDADE","ON      NM","1.061","2.092","637332335.00","2025","07","18","2025-07-18"
"Financ e Outros / Previd  Seguros","CXSE3","CAIXA SEGURI","ON      NM","0.402","2.092","600000000.00","2025","07","18","2025-07-18"
"Financ e Outros / Previd  Seguros","IRBR3","IRBBRASIL RE","ON      NM","0.176","2.092","81838243.00","2025","07","18","2025-07-18"
"Financ e Outros / Previd  Seguros","PSSA3","PORTO SEGURO","ON      NM","0.453","2.092","182560698.00","2025","07","18","2025-07-18"
"Financeiro e Outros/Serviços Financeiros Diversos","B3SA3","B3","ON      NM","3.414","3.414","5200055464.00","2025","07","18","2025-07-18"
"Mats Básicos / Madeira e Papel","KLBN11","KLABIN S/A","UNT     N2","0.699","2.221","765785673.00","2025","07","18","2025-07-18"
"Mats Básicos / Madeira e Papel","SUZB3","SUZANO S.A.","ON  ATZ NM","1.522","2.221","630821784.00","2025","07","18","2025-07-18"
"Mats Básicos / Mineração","BRAP4","BRADESPAR","PN      N1","0.193","11.677","250982988.00","2025","07","18","2025-07-18"
"Mats Básicos / Mineração","CMIN3","CSNMINERACAO","ON      N2","0.402","11.677","1646519336.00","2025","07","18","2025-07-18"
"Mats Básicos / Mineração","VALE3","VALE","ON      NM","11.082","11.677","4270903023.00","2025","07","18","2025-07-18"
"Mats Básicos / Químicos","BRKM5","BRASKEM","PNA     N1","0.114","0.114","265388400.00","2025","07","18","2025-07-18"
"Mats Básicos / Sid Metalurgia","GGBR4","GERDAU","PN      N1","1.022","1.666","1308152318.00","2025","07","18","2025-07-18"
"Mats Básicos / Sid Metalurgia","GOAU4","GERDAU MET","PN      N1","0.270","1.666","623866944.00","2025","07","18","2025-07-18"
"Mats Básicos / Sid Metalurgia","CSNA3","SID NACIONAL","ON","0.275","1.666","727459637.00","2025","07","18","2025-07-18"
"Mats Básicos / Sid Metalurgia","USIM5","USIMINAS","PNA     N1","0.099","1.666","515193199.00","2025","07","18","2025-07-18"
"Petróleo, Gás e Biocombustíveis","BRAV3","BRAVA","ON  ATZ NM","0.404","15.828","451311960.00","2025","07","18","2025-07-18"
"Petróleo, Gás e Biocombustíveis","CSAN3","COSAN","ON      NM","0.343","15.828","1160227510.00","2025","07","18","2025-07-18"
"Petróleo, Gás e Biocombustíveis","PETR3","PETROBRAS","ON      N2","4.602","15.828","2820420899.00","2025","07","18","2025-07-18"
"Petróleo, Gás e Biocombustíveis","PETR4","PETROBRAS","PN      N2","6.633","15.828","4410955873.00","2025","07","18","2025-07-18"
"Petróleo, Gás e Biocombustíveis","RECV3","PETRORECSA","ON      NM","0.183","15.828","274981010.00","2025","07","18","2025-07-18"
"Petróleo, Gás e Biocombustíveis","PRIO3","PETRORIO","ON      NM","1.614","15.828","779999989.00","2025","07","18","2025-07-18"
"Petróleo, Gás e Biocombustíveis","RAIZ4","RAIZEN","PN      N2","0.088","15.828","1210756333.00","2025","07","18","2025-07-18"
"Petróleo, Gás e Biocombustíveis","UGPA3","ULTRAPAR","ON      NM","0.837","15.828","1089082981.00","2025","07","18","2025-07-18"
"Petróleo, Gás e Biocombustíveis","VBBR3","VIBRA","ON      NM","1.124","15.828","1113939036.00","2025","07","18","2025-07-18"
"Financ e Outros / Explor Imóveis","MULT3","MULTIPLAN","ON      N2","0.385","1.086","314311970.00","2025","07","22","2025-07-22"
"Financ e Outros / Holdings Divers","ITSA4","ITAUSA","PN      N1","2.986","2.986","5856697902.00","2025","07","22","2025-07-22"
"Financ e Outros / Interms Financs","BBDC3","BRADESCO","ON      N1","0.956","18.627","1469064981.00","2025","07","22","2025-07-22"
"Financ e Outros / Interms Financs","BBDC4","BRADESCO","PN      N1","3.870","18.627","5111682020.00","2025","07","22","2025-07-22"
"Financ e Outros / Interms Financs","BBAS3","BRASIL","ON      NM","2.726","18.627","2842613858.00","2025","07","22","2025-07-22"
"Financ e Outros / Interms Financs","BPAC11","BTGP BANCO","UNT     N2","2.474","18.627","1287247964.00","2025","07","22","2025-07-22"
"Financ e Outros / Interms Financs","ITUB4","ITAUUNIBANCO","PN      N1","8.149","18.627","4757320048.00","2025","07","22","2025-07-22"
"Financ e Outros / Interms Financs","SANB11","SANTANDER BR","UNT EJ","0.452","18.627","356586730.00","2025","07","22","2025-07-22"
"Financ e Outros / Previd  Seguros","BBSE3","BBSEGURIDADE","ON      NM","1.061","2.098","637332335.00","2025","07","22","2025-07-22"
"Financ e Outros / Previd  Seguros","CXSE3","CAIXA SEGURI","ON      NM","0.404","2.098","600000000.00","2025","07","22","2025-07-22"
"Financ e Outros / Previd  Seguros","IRBR3","IRBBRASIL RE","ON      NM","0.174","2.098","81838243.00","2025","07","22","2025-07-22"
"Financ e Outros / Previd  Seguros","PSSA3","PORTO SEGURO","ON      NM","0.459","2.098","182560698.00","2025","07","22","2025-07-22"
"Financeiro e Outros/Serviços Financeiros Diversos","B3SA3","B3","ON      NM","3.289","3.289","5200055464.00","2025","07","22","2025-07-22"
"Mats Básicos / Madeira e Papel","KLBN11","KLABIN S/A","UNT     N2","0.693","2.246","765785673.00","2025","07","22","2025-07-22"
"Mats Básicos / Madeira e Papel","SUZB3","SUZANO S.A.","ON  ATZ NM","1.553","2.246","630821784.00","2025","07","22","2025-07-22"
"Mats Básicos / Mineração","BRAP4","BRADESPAR","PN      N1","0.201","12.178","250982988.00","2025","07","22","2025-07-22"
"Mats Básicos / Mineração","CMIN3","CSNMINERACAO","ON      N2","0.420","12.178","1646519336.00","2025","07","22","2025-07-22"
"Mats Básicos / Mineração","VALE3","VALE","ON      NM","11.557","12.178","4270903023.00","2025","07","22","2025-07-22"
"Mats Básicos / Químicos","BRKM5","BRASKEM","PNA     N1","0.108","0.108","265388400.00","2025","07","22","2025-07-22"
"Mats Básicos / Sid Metalurgia","GGBR4","GERDAU","PN      N1","1.050","1.711","1308152318.00","2025","07","22","2025-07-22"
"Mats Básicos / Sid Metalurgia","GOAU4","GERDAU MET","PN      N1","0.280","1.711","623866944.00","2025","07","22","2025-07-22"
"Mats Básicos / Sid Metalurgia","CSNA3","SID NACIONAL","ON","0.281","1.711","727459637.00","2025","07","22","2025-07-22"
"Mats Básicos / Sid Metalurgia","USIM5","USIMINAS","PNA     N1","0.100","1.711","515193199.00","2025","07","22","2025-07-22"
"Petróleo, Gás e Biocombustíveis","BRAV3","BRAVA","ON  ATZ NM","0.402","15.729","451311960.00","2025","07","22","2025-07-22"
"Petróleo, Gás e Biocombustíveis","CSAN3","COSAN","ON      NM","0.327","15.729","1160227510.00","2025","07","22","2025-07-22"
"Petróleo, Gás e Biocombustíveis","PETR3","PETROBRAS","ON      N2","4.593","15.729","2820420899.00","2025","07","22","2025-07-22"
"Petróleo, Gás e Biocombustíveis","PETR4","PETROBRAS","PN      N2","6.613","15.729","4410955873.00","2025","07","22","2025-07-22"
"Petróleo, Gás e Biocombustíveis","RECV3","PETRORECSA","ON      NM","0.180","15.729","274981010.00","2025","07","22","2025-07-22"
"Petróleo, Gás e Biocombustíveis","PRIO3","PETRORIO","ON      NM","1.610","15.729","779999989.00","2025","07","22","2025-07-22"
"Petróleo, Gás e Biocombustíveis","RAIZ4","RAIZEN","PN      N2","0.087","15.729","1210756333.00","2025","07","22","2025-07-22"
"Petróleo, Gás e Biocombustíveis","UGPA3","ULTRAPAR","ON      NM","0.828","15.729","1089082981.00","2025","07","22","2025-07-22"
"Petróleo, Gás e Biocombustíveis","VBBR3","VIBRA","ON      NM","1.089","15.729","1113939036.00","2025","07","22","2025-07-22"
"Saúde/Comércio Distr.","HYPE3","HYPERA","ON      NM","0.460","1.329","360057207.00","2025","07","18","2025-07-18"
"Saúde/Comércio Distr.","RADL3","RAIADROGASIL","ON      NM","0.869","1.329","1297567800.00","2025","07","18","2025-07-18"
"Saúde/SM Hosp An.Diag","FLRY3","FLEURY","ON      NM","0.278","2.617","455988366.00","2025","07","18","2025-07-18"
"Saúde/SM Hosp An.Diag","HAPV3","HAPVIDA","ON      NM","0.501","2.617","311217208.00","2025","07","18","2025-07-18"
"Saúde/SM Hosp An.Diag","RDOR3","REDE D OR","ON      NM","1.838","2.617","1145289019.00","2025","07","18","2025-07-18"
"Tec.Informação/Programas Servs","TOTS3","TOTVS","ON      NM","1.073","1.073","531531039.00","2025","07","18","2025-07-18"
"Telecomunicação","VIVT3","TELEF BRASIL","ON","1.143","1.940","764884256.00","2025","07","18","2025-07-18"
"Telecomunicação","TIMS3","TIM","ON      NM","0.797","1.940","806346600.00","2025","07","18","2025-07-18"
"Utilidade Públ / Água Saneamento","SBSP3","SABESP","ON      NM","3.674","3.674","683495706.00","2025","07","18","2025-07-18"
"Utilidade Públ / Energ Elétrica","AURE3","AUREN","ON      NM","0.139","11.603","323738747.00","2025","07","18","2025-07-18"
"Utilidade Públ / Energ Elétrica","CMIG4","CEMIG","PN      N1","0.929","11.603","1858636840.00","2025","07","18","2025-07-18"
"Utilidade Públ / Energ Elétrica","CPLE6","COPEL","PNB     N2","0.959","11.603","1671982390.00","2025","07","18","2025-07-18"
"Utilidade Públ / Energ Elétrica","CPFE3","CPFL ENERGIA","ON      NM","0.341","11.603","187732538.00","2025","07","18","2025-07-18"
"Utilidade Públ / Energ Elétrica","ELET3","ELETROBRAS","ON      N1","3.383","11.603","1808652474.00","2025","07","18","2025-07-18"
"Utilidade Públ / Energ Elétrica","ELET6","ELETROBRAS","PNB     N1","0.551","11.603","268875696.00","2025","07","18","2025-07-18"
"Utilidade Públ / Energ Elétrica","ENGI11","ENERGISA","UNT     N2","0.713","11.603","326175300.00","2025","07","18","2025-07-18"
"Utilidade Públ / Energ Elétrica","ENEV3","ENEVA","ON      NM","1.254","11.603","1907494195.00","2025","07","18","2025-07-18"
"Utilidade Públ / Energ Elétrica","EGIE3","ENGIE BRASIL","ON      NM","0.504","11.603","255236938.00","2025","07","18","2025-07-18"
"Utilidade Públ / Energ Elétrica","EQTL3","EQUATORIAL","ON      NM","2.053","11.603","1244304866.00","2025","07","18","2025-07-18"
"Utilidade Públ / Energ Elétrica","ISAE4","ISA ENERGIA","PN      N1","0.426","11.603","395801044.00","2025","07","18","2025-07-18"
"Utilidade Públ / Energ Elétrica","TAEE11","TAESA","UNT     N2","0.351","11.603","218568234.00","2025","07","18","2025-07-18"
"Saúde/Comércio Distr.","HYPE3","HYPERA","ON      NM","0.452","1.330","360057207.00","2025","07","22","2025-07-22"
"Saúde/Comércio Distr.","RADL3","RAIADROGASIL","ON      NM","0.878","1.330","1297567800.00","2025","07","22","2025-07-22"
"Saúde/SM Hosp An.Diag","FLRY3","FLEURY","ON      NM","0.319","2.619","455988366.00","2025","07","22","2025-07-22"
"Saúde/SM Hosp An.Diag","HAPV3","HAPVIDA","ON      NM","0.474","2.619","311217208.00","2025","07","22","2025-07-22"
"Saúde/SM Hosp An.Diag","RDOR3","REDE D OR","ON      NM","1.826","2.619","1145289019.00","2025","07","22","2025-07-22"
"Tec.Informação/Programas Servs","TOTS3","TOTVS","ON      NM","1.081","1.081","531531039.00","2025","07","22","2025-07-22"
"Telecomunicação","VIVT3","TELEF BRASIL","ON","1.145","1.933","764884256.00","2025","07","22","2025-07-22"
"Telecomunicação","TIMS3","TIM","ON      NM","0.788","1.933","806346600.00","2025","07","22","2025-07-22"
"Utilidade Públ / Água Saneamento","SBSP3","SABESP","ON      NM","3.670","3.670","683495706.00","2025","07","22","2025-07-22"
"Utilidade Públ / Energ Elétrica","AURE3","AUREN","ON      NM","0.141","11.711","323738747.00","2025","07","22","2025-07-22"
"Utilidade Públ / Energ Elétrica","CMIG4","CEMIG","PN      N1","0.940","11.711","1858636840.00","2025","07","22","2025-07-22"
"Utilidade Públ / Energ Elétrica","CPLE6","COPEL","PNB     N2","0.962","11.711","1671982390.00","2025","07","22","2025-07-22"
"Utilidade Públ / Energ Elétrica","CPFE3","CPFL ENERGIA","ON      NM","0.347","11.711","187732538.00","2025","07","22","2025-07-22"
"Utilidade Públ / Energ Elétrica","ELET3","ELETROBRAS","ON      N1","3.412","11.711","1808652474.00","2025","07","22","2025-07-22"
"Utilidade Públ / Energ Elétrica","ELET6","ELETROBRAS","PNB     N1","0.553","11.711","268875696.00","2025","07","22","2025-07-22"
"Utilidade Públ / Energ Elétrica","ENGI11","ENERGISA","UNT     N2","0.716","11.711","326175300.00","2025","07","22","2025-07-22"
"Utilidade Públ / Energ Elétrica","ENEV3","ENEVA","ON      NM","1.271","11.711","1907494195.00","2025","07","22","2025-07-22"
"Utilidade Públ / Energ Elétrica","EGIE3","ENGIE BRASIL","ON      NM","0.517","11.711","255236938.00","2025","07","22","2025-07-22"
"Utilidade Públ / Energ Elétrica","EQTL3","EQUATORIAL","ON      NM","2.063","11.711","1244304866.00","2025","07","22","2025-07-22"
"Utilidade Públ / Energ Elétrica","ISAE4","ISA ENERGIA","PN      N1","0.432","11.711","395801044.00","2025","07","22","2025-07-22"
"Utilidade Públ / Energ Elétrica","TAEE11","TAESA","UNT     N2","0.357","11.711","218568234.00","2025","07","22","2025-07-22"
"Bens Indls / Máqs e Equips","WEGE3","WEG","ON  ED  NM","2.589","2.589","1482105837.00","2025","07","26","2025-07-26"
"Bens Indls / Mat Transporte","EMBR3","EMBRAER","ON      NM","2.360","2.632","734631701.00","2025","07","26","2025-07-26"
"Bens Indls / Mat Transporte","POMO4","MARCOPOLO","PN      N2","0.272","2.632","666378439.00","2025","07","26","2025-07-26"
"Bens Indls/Transporte","MOTV3","MOTIVA SA","ON      NM","0.597","1.859","991920937.00","2025","07","26","2025-07-26"
"Bens Indls/Transporte","RAIL3","RUMO S.A.","ON      NM","0.985","1.859","1216914397.00","2025","07","26","2025-07-26"
"Bens Indls/Transporte","STBP3","SANTOS BRP","ON      NM","0.277","1.859","409543219.00","2025","07","26","2025-07-26"
"Cons N  Básico / Alimentos Processados","BRFS3","BRF SA","ON      NM","0.844","1.329","832617717.00","2025","07","26","2025-07-26"
"Cons N  Básico / Alimentos Processados","MRFG3","MARFRIG","ON      NM","0.268","1.329","237618211.00","2025","07","26","2025-07-26"
"Cons N  Básico / Alimentos Processados","BEEF3","MINERVA","ON      NM","0.107","1.329","433214256.00","2025","07","26","2025-07-26"
"Cons N  Básico / Alimentos Processados","SMTO3","SAO MARTINHO","ON      NM","0.110","1.329","128130966.00","2025","07","26","2025-07-26"
"Cons N Cíclico / Bebidas","ABEV3","AMBEV S/A","ON","2.873","2.873","4394835131.00","2025","07","26","2025-07-26"
"Cons N Cíclico / Comércio Distr.","ASAI3","ASSAI","ON      NM","0.633","0.711","1345897506.00","2025","07","26","2025-07-26"
"Cons N Cíclico / Comércio Distr.","PCAR3","P.ACUCAR-CBD","ON      NM","0.078","0.711","461260303.00","2025","07","26","2025-07-26"
"Cons N Cíclico / Pr Pessoal Limp","NATU3","NATURA","ON      NM","0.376","0.376","845713747.00","2025","07","26","2025-07-26"
"Cons N Ciclico/Agropecuária","SLCE3","SLC AGRICOLA","ON      NM","0.170","0.170","194261422.00","2025","07","26","2025-07-26"
"Consumo Cíclico / Comércio","AZZA3","AZZAS 2154","ON      NM","0.241","1.263","136643320.00","2025","07","26","2025-07-26"
"Consumo Cíclico / Comércio","LREN3","LOJAS RENNER","ON      NM","0.836","1.263","1030587204.00","2025","07","26","2025-07-26"
"Consumo Cíclico / Comércio","MGLU3","MAGAZ LUIZA","ON      NM","0.129","1.263","353448195.00","2025","07","26","2025-07-26"
"Consumo Cíclico / Comércio","PETZ3","PETZ","ON      NM","0.057","1.263","295519280.00","2025","07","26","2025-07-26"
"Consumo Cíclico / Tecid Vest Calç","VIVA3","VIVARA S.A.","ON      NM","0.151","0.151","123160591.00","2025","07","26","2025-07-26"
"Consumo Cíclico/Constr Civil","CYRE3","CYRELA REALT","ON      NM","0.315","0.628","257174951.00","2025","07","26","2025-07-26"
"Consumo Cíclico/Constr Civil","DIRR3","DIRECIONAL","ON      NM","0.202","0.628","108541907.00","2025","07","26","2025-07-26"
"Consumo Cíclico/Constr Civil","MRVE3","MRV","ON      NM","0.111","0.628","375507695.00","2025","07","26","2025-07-26"
"Consumo Cíclico/Viagens e Lazer","CVCB3","CVC BRASIL","ON      NM","0.053","0.387","450926127.00","2025","07","26","2025-07-26"
"Consumo Cíclico/Viagens e Lazer","SMFT3","SMART FIT","ON      NM","0.334","0.387","328547988.00","2025","07","26","2025-07-26"
"Diversos","COGN3","COGNA ON","ON      NM","0.242","2.172","1872454628.00","2025","07","26","2025-07-26"
"Diversos","RENT3","LOCALIZA","ON      NM","1.679","2.172","956264719.00","2025","07","26","2025-07-26"
"Diversos","VAMO3","VAMOS","ON      NM","0.094","2.172","485166826.00","2025","07","26","2025-07-26"
"Diversos","YDUQ3","YDUQS PART","ON      NM","0.157","2.172","260249057.00","2025","07","26","2025-07-26"
"Financ e Outros / Explor Imóveis","ALOS3","ALLOS","ON  ED  NM","0.492","1.078","476976044.00","2025","07","26","2025-07-26"
"Financ e Outros / Explor Imóveis","IGTI11","IGUATEMI S.A","UNT     N1","0.201","1.078","198474750.00","2025","07","26","2025-07-26"
"Financ e Outros / Explor Imóveis","MULT3","MULTIPLAN","ON      N2","0.385","1.078","314311970.00","2025","07","26","2025-07-26"
"Financ e Outros / Holdings Divers","ITSA4","ITAUSA","PN      N1","2.967","2.967","5856697902.00","2025","07","26","2025-07-26"
"Financ e Outros / Interms Financs","BBDC3","BRADESCO","ON      N1","0.954","18.650","1469064981.00","2025","07","26","2025-07-26"
"Financ e Outros / Interms Financs","BBDC4","BRADESCO","PN      N1","3.860","18.650","5111682020.00","2025","07","26","2025-07-26"
"Financ e Outros / Interms Financs","BBAS3","BRASIL","ON      NM","2.792","18.650","2842613858.00","2025","07","26","2025-07-26"
"Financ e Outros / Interms Financs","BPAC11","BTGP BANCO","UNT     N2","2.459","18.650","1287247964.00","2025","07","26","2025-07-26"
"Financ e Outros / Interms Financs","ITUB4","ITAUUNIBANCO","PN      N1","8.128","18.650","4757320048.00","2025","07","26","2025-07-26"
"Financ e Outros / Interms Financs","SANB11","SANTANDER BR","UNT EJ","0.457","18.650","356586730.00","2025","07","26","2025-07-26"
"Financ e Outros / Previd  Seguros","BBSE3","BBSEGURIDADE","ON      NM","1.037","2.064","637332335.00","2025","07","26","2025-07-26"
"Financ e Outros / Previd  Seguros","CXSE3","CAIXA SEGURI","ON      NM","0.396","2.064","600000000.00","2025","07","26","2025-07-26"
"Financ e Outros / Previd  Seguros","IRBR3","IRBBRASIL RE","ON      NM","0.177","2.064","81838243.00","2025","07","26","2025-07-26"
"Financ e Outros / Previd  Seguros","PSSA3","PORTO SEGURO","ON      NM","0.454","2.064","182560698.00","2025","07","26","2025-07-26"
"Financeiro e Outros/Serviços Financeiros Diversos","B3SA3","B3","ON      NM","3.298","3.298","5200055464.00","2025","07","26","2025-07-26"
"Mats Básicos / Madeira e Papel","KLBN11","KLABIN S/A","UNT     N2","0.705","2.314","765785673.00","2025","07","26","2025-07-26"
"Mats Básicos / Madeira e Papel","SUZB3","SUZANO S.A.","ON      NM","1.609","2.314","630821784.00","2025","07","26","2025-07-26"
"Mats Básicos / Mineração","BRAP4","BRADESPAR","PN      N1","0.201","12.157","250982988.00","2025","07","26","2025-07-26"
"Mats Básicos / Mineração","CMIN3","CSNMINERACAO","ON      N2","0.413","12.157","1646519336.00","2025","07","26","2025-07-26"
"Mats Básicos / Mineração","VALE3","VALE","ON  ATZ NM","11.543","12.157","4270903023.00","2025","07","26","2025-07-26"
"Mats Básicos / Químicos","BRKM5","BRASKEM","PNA     N1","0.116","0.116","265388400.00","2025","07","26","2025-07-26"
"Mats Básicos / Sid Metalurgia","GGBR4","GERDAU","PN      N1","1.091","1.781","1308152318.00","2025","07","26","2025-07-26"
"Mats Básicos / Sid Metalurgia","GOAU4","GERDAU MET","PN      N1","0.289","1.781","623866944.00","2025","07","26","2025-07-26"
"Mats Básicos / Sid Metalurgia","CSNA3","SID NACIONAL","ON","0.296","1.781","727459637.00","2025","07","26","2025-07-26"
"Mats Básicos / Sid Metalurgia","USIM5","USIMINAS","PNA     N1","0.105","1.781","515193199.00","2025","07","26","2025-07-26"
"Petróleo, Gás e Biocombustíveis","BRAV3","BRAVA","ON      NM","0.427","16.270","451311960.00","2025","07","26","2025-07-26"
"Petróleo, Gás e Biocombustíveis","CSAN3","COSAN","ON      NM","0.339","16.270","1160227510.00","2025","07","26","2025-07-26"
"Petróleo, Gás e Biocombustíveis","PETR3","PETROBRAS","ON      N2","4.796","16.270","2820420899.00","2025","07","26","2025-07-26"
"Petróleo, Gás e Biocombustíveis","PETR4","PETROBRAS","PN      N2","6.845","16.270","4410955873.00","2025","07","26","2025-07-26"
"Petróleo, Gás e Biocombustíveis","RECV3","PETRORECSA","ON      NM","0.178","16.270","274981010.00","2025","07","26","2025-07-26"
"Petróleo, Gás e Biocombustíveis","PRIO3","PETRORIO","ON      NM","1.586","16.270","779999989.00","2025","07","26","2025-07-26"
"Petróleo, Gás e Biocombustíveis","RAIZ4","RAIZEN","PN      N2","0.087","16.270","1210756333.00","2025","07","26","2025-07-26"
"Petróleo, Gás e Biocombustíveis","UGPA3","ULTRAPAR","ON      NM","0.874","16.270","1089082981.00","2025","07","26","2025-07-26"
"Petróleo, Gás e Biocombustíveis","VBBR3","VIBRA","ON      NM","1.138","16.270","1113939036.00","2025","07","26","2025-07-26"
"Saúde/Comércio Distr.","HYPE3","HYPERA","ON      NM","0.459","1.343","360057207.00","2025","07","26","2025-07-26"
"Saúde/Comércio Distr.","RADL3","RAIADROGASIL","ON      NM","0.884","1.343","1297567800.00","2025","07","26","2025-07-26"
"Saúde/SM Hosp An.Diag","FLRY3","FLEURY","ON      NM","0.320","2.619","455988366.00","2025","07","26","2025-07-26"
"Saúde/SM Hosp An.Diag","HAPV3","HAPVIDA","ON  ATZ NM","0.492","2.619","311217208.00","2025","07","26","2025-07-26"
"Saúde/SM Hosp An.Diag","RDOR3","REDE D OR","ON      NM","1.807","2.619","1145289019.00","2025","07","26","2025-07-26"
"Tec.Informação/Programas Servs","TOTS3","TOTVS","ON      NM","1.109","1.109","531531039.00","2025","07","26","2025-07-26"
"Telecomunicação","VIVT3","TELEF BRASIL","ON  EJ","1.136","1.914","764884256.00","2025","07","26","2025-07-26"
"Telecomunicação","TIMS3","TIM","ON  EJ  NM","0.778","1.914","806346600.00","2025","07","26","2025-07-26"
"Utilidade Públ / Água Saneamento","SBSP3","SABESP","ON      NM","3.564","3.564","683495706.00","2025","07","26","2025-07-26"
"Utilidade Públ / Energ Elétrica","AURE3","AUREN","ON      NM","0.151","11.616","323738747.00","2025","07","26","2025-07-26"
"Utilidade Públ / Energ Elétrica","CMIG4","CEMIG","PN      N1","0.945","11.616","1858636840.00","2025","07","26","2025-07-26"
"Utilidade Públ / Energ Elétrica","CPLE6","COPEL","PNB     N2","0.947","11.616","1671982390.00","2025","07","26","2025-07-26"
"Utilidade Públ / Energ Elétrica","CPFE3","CPFL ENERGIA","ON      NM","0.348","11.616","187732538.00","2025","07","26","2025-07-26"
"Utilidade Públ / Energ Elétrica","ELET3","ELETROBRAS","ON      N1","3.347","11.616","1808652474.00","2025","07","26","2025-07-26"
"Utilidade Públ / Energ Elétrica","ELET6","ELETROBRAS","PNB     N1","0.541","11.616","268875696.00","2025","07","26","2025-07-26"
"Utilidade Públ / Energ Elétrica","ENGI11","ENERGISA","UNT     N2","0.719","11.616","326175300.00","2025","07","26","2025-07-26"
"Utilidade Públ / Energ Elétrica","ENEV3","ENEVA","ON      NM","1.265","11.616","1907494195.00","2025","07","26","2025-07-26"
"Utilidade Públ / Energ Elétrica","EGIE3","ENGIE BRASIL","ON      NM","0.522","11.616","255236938.00","2025","07","26","2025-07-26"
"Utilidade Públ / Energ Elétrica","EQTL3","EQUATORIAL","ON      NM","2.046","11.616","1244304866.00","2025","07","26","2025-07-26"
"Utilidade Públ / Energ Elétrica","ISAE4","ISA ENERGIA","PN      N1","0.430","11.616","395801044.00","2025","07","26","2025-07-26"
"Utilidade Públ / Energ Elétrica","TAEE11","TAESA","UNT     N2","0.355","11.616","218568234.00","2025","07","26","2025-07-26"
"Bens Indls / Máqs e Equips","WEGE3","WEG","ON      NM","3.050","3.050","1482105837.00","2025","07","20","2025-07-20"
"Bens Indls / Mat Transporte","EMBR3","EMBRAER","ON      NM","2.437","2.701","734631701.00","2025","07","20","2025-07-20"
"Bens Indls / Mat Transporte","POMO4","MARCOPOLO","PN      N2","0.264","2.701","666378439.00","2025","07","20","2025-07-20"
"Bens Indls/Transporte","MOTV3","MOTIVA SA","ON      NM","0.605","1.861","991920937.00","2025","07","20","2025-07-20"
"Bens Indls/Transporte","RAIL3","RUMO S.A.","ON      NM","0.980","1.861","1216914397.00","2025","07","20","2025-07-20"
"Bens Indls/Transporte","STBP3","SANTOS BRP","ON      NM","0.276","1.861","409543219.00","2025","07","20","2025-07-20"
"Cons N  Básico / Alimentos Processados","BRFS3","BRF SA","ON      NM","0.824","1.304","832617717.00","2025","07","20","2025-07-20"
"Cons N  Básico / Alimentos Processados","MRFG3","MARFRIG","ON      NM","0.261","1.304","237618211.00","2025","07","20","2025-07-20"
"Cons N  Básico / Alimentos Processados","BEEF3","MINERVA","ON      NM","0.108","1.304","433214256.00","2025","07","20","2025-07-20"
"Cons N  Básico / Alimentos Processados","SMTO3","SAO MARTINHO","ON      NM","0.111","1.304","128130966.00","2025","07","20","2025-07-20"
"Cons N Cíclico / Bebidas","ABEV3","AMBEV S/A","ON","2.843","2.843","4394835131.00","2025","07","20","2025-07-20"
"Cons N Cíclico / Comércio Distr.","ASAI3","ASSAI","ON      NM","0.635","0.716","1345897506.00","2025","07","20","2025-07-20"
"Cons N Cíclico / Comércio Distr.","PCAR3","P.ACUCAR-CBD","ON      NM","0.081","0.716","461260303.00","2025","07","20","2025-07-20"
"Cons N Cíclico / Pr Pessoal Limp","NATU3","NATURA","ON      NM","0.391","0.391","845713747.00","2025","07","20","2025-07-20"
"Cons N Ciclico/Agropecuária","SLCE3","SLC AGRICOLA","ON      NM","0.172","0.172","194261422.00","2025","07","20","2025-07-20"
"Consumo Cíclico / Comércio","AZZA3","AZZAS 2154","ON      NM","0.237","1.316","136643320.00","2025","07","20","2025-07-20"
"Consumo Cíclico / Comércio","LREN3","LOJAS RENNER","ON      NM","0.887","1.316","1030587204.00","2025","07","20","2025-07-20"
"Consumo Cíclico / Comércio","MGLU3","MAGAZ LUIZA","ON      NM","0.135","1.316","353448195.00","2025","07","20","2025-07-20"
"Consumo Cíclico / Comércio","PETZ3","PETZ","ON  ATZ NM","0.057","1.316","295519280.00","2025","07","20","2025-07-20"
"Consumo Cíclico / Tecid Vest Calç","VIVA3","VIVARA S.A.","ON      NM","0.153","0.153","123160591.00","2025","07","20","2025-07-20"
"Consumo Cíclico/Constr Civil","CYRE3","CYRELA REALT","ON      NM","0.332","0.653","257174951.00","2025","07","20","2025-07-20"
"Consumo Cíclico/Constr Civil","DIRR3","DIRECIONAL","ON      NM","0.212","0.653","108541907.00","2025","07","20","2025-07-20"
"Consumo Cíclico/Constr Civil","MRVE3","MRV","ON      NM","0.109","0.653","375507695.00","2025","07","20","2025-07-20"
"Consumo Cíclico/Viagens e Lazer","CVCB3","CVC BRASIL","ON      NM","0.052","0.402","450926127.00","2025","07","20","2025-07-20"
"Consumo Cíclico/Viagens e Lazer","SMFT3","SMART FIT","ON      NM","0.350","0.402","328547988.00","2025","07","20","2025-07-20"
"Diversos","COGN3","COGNA ON","ON      NM","0.236","2.157","1872454628.00","2025","07","20","2025-07-20"
"Diversos","RENT3","LOCALIZA","ON      NM","1.663","2.157","956264719.00","2025","07","20","2025-07-20"
"Diversos","VAMO3","VAMOS","ON      NM","0.090","2.157","485166826.00","2025","07","20","2025-07-20"
"Diversos","YDUQ3","YDUQS PART","ON      NM","0.168","2.157","260249057.00","2025","07","20","2025-07-20"
"Financ e Outros / Explor Imóveis","ALOS3","ALLOS","ON      NM","0.502","1.092","476976044.00","2025","07","20","2025-07-20"
"Financ e Outros / Explor Imóveis","IGTI11","IGUATEMI S.A","UNT     N1","0.205","1.092","198474750.00","2025","07","20","2025-07-20"
"Financ e Outros / Explor Imóveis","MULT3","MULTIPLAN","ON      N2","0.385","1.092","314311970.00","2025","07","20","2025-07-20"
"Financ e Outros / Holdings Divers","ITSA4","ITAUSA","PN      N1","2.972","2.972","5856697902.00","2025","07","20","2025-07-20"
"Financ e Outros / Interms Financs","BBDC3","BRADESCO","ON      N1","0.960","18.727","1469064981.00","2025","07","20","2025-07-20"
"Financ e Outros / Interms Financs","BBDC4","BRADESCO","PN      N1","3.890","18.727","5111682020.00","2025","07","20","2025-07-20"
"Financ e Outros / Interms Financs","BBAS3","BRASIL","ON      NM","2.797","18.727","2842613858.00","2025","07","20","2025-07-20"
"Financ e Outros / Interms Financs","BPAC11","BTGP BANCO","UNT     N2","2.521","18.727","1287247964.00","2025","07","20","2025-07-20"
"Financ e Outros / Interms Financs","ITUB4","ITAUUNIBANCO","PN      N1","8.103","18.727","4757320048.00","2025","07","20","2025-07-20"
"Financ e Outros / Interms Financs","SANB11","SANTANDER BR","UNT EJ","0.456","18.727","356586730.00","2025","07","20","2025-07-20"
"Financ e Outros / Previd  Seguros","BBSE3","BBSEGURIDADE","ON      NM","1.062","2.104","637332335.00","2025","07","20","2025-07-20"
"Financ e Outros / Previd  Seguros","CXSE3","CAIXA SEGURI","ON      NM","0.407","2.104","600000000.00","2025","07","20","2025-07-20"
"Financ e Outros / Previd  Seguros","IRBR3","IRBBRASIL RE","ON      NM","0.176","2.104","81838243.00","2025","07","20","2025-07-20"
"Financ e Outros / Previd  Seguros","PSSA3","PORTO SEGURO","ON      NM","0.459","2.104","182560698.00","2025","07","20","2025-07-20"
"Financeiro e Outros/Serviços Financeiros Diversos","B3SA3","B3","ON      NM","3.276","3.276","5200055464.00","2025","07","20","2025-07-20"
"Mats Básicos / Madeira e Papel","KLBN11","KLABIN S/A","UNT     N2","0.698","2.249","765785673.00","2025","07","20","2025-07-20"
"Mats Básicos / Madeira e Papel","SUZB3","SUZANO S.A.","ON  ATZ NM","1.551","2.249","630821784.00","2025","07","20","2025-07-20"
"Mats Básicos / Mineração","BRAP4","BRADESPAR","PN      N1","0.197","11.917","250982988.00","2025","07","20","2025-07-20"
"Mats Básicos / Mineração","CMIN3","CSNMINERACAO","ON      N2","0.403","11.917","1646519336.00","2025","07","20","2025-07-20"
"Mats Básicos / Mineração","VALE3","VALE","ON      NM","11.317","11.917","4270903023.00","2025","07","20","2025-07-20"
"Mats Básicos / Químicos","BRKM5","BRASKEM","PNA     N1","0.107","0.107","265388400.00","2025","07","20","2025-07-20"
"Mats Básicos / Sid Metalurgia","GGBR4","GERDAU","PN      N1","1.023","1.670","1308152318.00","2025","07","20","2025-07-20"
"Mats Básicos / Sid Metalurgia","GOAU4","GERDAU MET","PN      N1","0.273","1.670","623866944.00","2025","07","20","2025-07-20"
"Mats Básicos / Sid Metalurgia","CSNA3","SID NACIONAL","ON","0.276","1.670","727459637.00","2025","07","20","2025-07-20"
"Mats Básicos / Sid Metalurgia","USIM5","USIMINAS","PNA     N1","0.098","1.670","515193199.00","2025","07","20","2025-07-20"
"Petróleo, Gás e Biocombustíveis","BRAV3","BRAVA","ON  ATZ NM","0.411","15.830","451311960.00","2025","07","20","2025-07-20"
"Petróleo, Gás e Biocombustíveis","CSAN3","COSAN","ON      NM","0.336","15.830","1160227510.00","2025","07","20","2025-07-20"
"Petróleo, Gás e Biocombustíveis","PETR3","PETROBRAS","ON      N2","4.608","15.830","2820420899.00","2025","07","20","2025-07-20"
"Petróleo, Gás e Biocombustíveis","PETR4","PETROBRAS","PN      N2","6.638","15.830","4410955873.00","2025","07","20","2025-07-20"
"Petróleo, Gás e Biocombustíveis","RECV3","PETRORECSA","ON      NM","0.183","15.830","274981010.00","2025","07","20","2025-07-20"
"Petróleo, Gás e Biocombustíveis","PRIO3","PETRORIO","ON      NM","1.640","15.830","779999989.00","2025","07","20","2025-07-20"
"Petróleo, Gás e Biocombustíveis","RAIZ4","RAIZEN","PN      N2","0.089","15.830","1210756333.00","2025","07","20","2025-07-20"
"Petróleo, Gás e Biocombustíveis","UGPA3","ULTRAPAR","ON      NM","0.830","15.830","1089082981.00","2025","07","20","2025-07-20"
"Petróleo, Gás e Biocombustíveis","VBBR3","VIBRA","ON      NM","1.095","15.830","1113939036.00","2025","07","20","2025-07-20"
"Saúde/Comércio Distr.","HYPE3","HYPERA","ON      NM","0.462","1.315","360057207.00","2025","07","20","2025-07-20"
"Saúde/Comércio Distr.","RADL3","RAIADROGASIL","ON      NM","0.853","1.315","1297567800.00","2025","07","20","2025-07-20"
"Saúde/SM Hosp An.Diag","FLRY3","FLEURY","ON      NM","0.280","2.596","455988366.00","2025","07","20","2025-07-20"
"Saúde/SM Hosp An.Diag","HAPV3","HAPVIDA","ON      NM","0.487","2.596","311217208.00","2025","07","20","2025-07-20"
"Saúde/SM Hosp An.Diag","RDOR3","REDE D OR","ON      NM","1.829","2.596","1145289019.00","2025","07","20","2025-07-20"
"Tec.Informação/Programas Servs","TOTS3","TOTVS","ON      NM","1.076","1.076","531531039.00","2025","07","20","2025-07-20"
"Telecomunicação","VIVT3","TELEF BRASIL","ON","1.150","1.948","764884256.00","2025","07","20","2025-07-20"
"Telecomunicação","TIMS3","TIM","ON      NM","0.798","1.948","806346600.00","2025","07","20","2025-07-20"
"Utilidade Públ / Água Saneamento","SBSP3","SABESP","ON      NM","3.674","3.674","683495706.00","2025","07","20","2025-07-20"
"Utilidade Públ / Energ Elétrica","AURE3","AUREN","ON      NM","0.141","11.728","323738747.00","2025","07","20","2025-07-20"
"Utilidade Públ / Energ Elétrica","CMIG4","CEMIG","PN      N1","0.937","11.728","1858636840.00","2025","07","20","2025-07-20"
"Utilidade Públ / Energ Elétrica","CPLE6","COPEL","PNB     N2","0.965","11.728","1671982390.00","2025","07","20","2025-07-20"
"Utilidade Públ / Energ Elétrica","CPFE3","CPFL ENERGIA","ON      NM","0.348","11.728","187732538.00","2025","07","20","2025-07-20"
"Utilidade Públ / Energ Elétrica","ELET3","ELETROBRAS","ON      N1","3.422","11.728","1808652474.00","2025","07","20","2025-07-20"
"Utilidade Públ / Energ Elétrica","ELET6","ELETROBRAS","PNB     N1","0.555","11.728","268875696.00","2025","07","20","2025-07-20"
"Utilidade Públ / Energ Elétrica","ENGI11","ENERGISA","UNT     N2","0.718","11.728","326175300.00","2025","07","20","2025-07-20"
"Utilidade Públ / Energ Elétrica","ENEV3","ENEVA","ON      NM","1.268","11.728","1907494195.00","2025","07","20","2025-07-20"
"Utilidade Públ / Energ Elétrica","EGIE3","ENGIE BRASIL","ON      NM","0.517","11.728","255236938.00","2025","07","20","2025-07-20"
"Utilidade Públ / Energ Elétrica","EQTL3","EQUATORIAL","ON      NM","2.068","11.728","1244304866.00","2025","07","20","2025-07-20"
"Utilidade Públ / Energ Elétrica","ISAE4","ISA ENERGIA","PN      N1","0.431","11.728","395801044.00","2025","07","20","2025-07-20"
"Utilidade Públ / Energ Elétrica","TAEE11","TAESA","UNT     N2","0.358","11.728","218568234.00","2025","07","20","2025-07-20"
"Bens Indls / Máqs e Equips","WEGE3","WEG","ON      NM","2.600","2.600","1482105837.00","2025","07","25","2025-07-25"
"Bens Indls / Mat Transporte","EMBR3","EMBRAER","ON      NM","2.340","2.607","734631701.00","2025","07","25","2025-07-25"
"Bens Indls / Mat Transporte","POMO4","MARCOPOLO","PN      N2","0.267","2.607","666378439.00","2025","07","25","2025-07-25"
"Bens Indls/Transporte","MOTV3","MOTIVA SA","ON      NM","0.598","1.860","991920937.00","2025","07","25","2025-07-25"
"Bens Indls/Transporte","RAIL3","RUMO S.A.","ON      NM","0.987","1.860","1216914397.00","2025","07","25","2025-07-25"
"Bens Indls/Transporte","STBP3","SANTOS BRP","ON      NM","0.275","1.860","409543219.00","2025","07","25","2025-07-25"
"Cons N  Básico / Alimentos Processados","BRFS3","BRF SA","ON      NM","0.850","1.329","832617717.00","2025","07","25","2025-07-25"
"Cons N  Básico / Alimentos Processados","MRFG3","MARFRIG","ON      NM","0.264","1.329","237618211.00","2025","07","25","2025-07-25"
"Cons N  Básico / Alimentos Processados","BEEF3","MINERVA","ON      NM","0.106","1.329","433214256.00","2025","07","25","2025-07-25"
"Cons N  Básico / Alimentos Processados","SMTO3","SAO MARTINHO","ON      NM","0.109","1.329","128130966.00","2025","07","25","2025-07-25"
"Cons N Cíclico / Bebidas","ABEV3","AMBEV S/A","ON","2.872","2.872","4394835131.00","2025","07","25","2025-07-25"
"Cons N Cíclico / Comércio Distr.","ASAI3","ASSAI","ON      NM","0.623","0.701","1345897506.00","2025","07","25","2025-07-25"
"Cons N Cíclico / Comércio Distr.","PCAR3","P.ACUCAR-CBD","ON      NM","0.078","0.701","461260303.00","2025","07","25","2025-07-25"
"Cons N Cíclico / Pr Pessoal Limp","NATU3","NATURA","ON      NM","0.385","0.385","845713747.00","2025","07","25","2025-07-25"
"Cons N Ciclico/Agropecuária","SLCE3","SLC AGRICOLA","ON      NM","0.169","0.169","194261422.00","2025","07","25","2025-07-25"
"Consumo Cíclico / Comércio","AZZA3","AZZAS 2154","ON      NM","0.242","1.281","136643320.00","2025","07","25","2025-07-25"
"Consumo Cíclico / Comércio","LREN3","LOJAS RENNER","ON      NM","0.852","1.281","1030587204.00","2025","07","25","2025-07-25"
"Consumo Cíclico / Comércio","MGLU3","MAGAZ LUIZA","ON      NM","0.129","1.281","353448195.00","2025","07","25","2025-07-25"
"Consumo Cíclico / Comércio","PETZ3","PETZ","ON      NM","0.058","1.281","295519280.00","2025","07","25","2025-07-25"
"Consumo Cíclico / Tecid Vest Calç","VIVA3","VIVARA S.A.","ON      NM","0.149","0.149","123160591.00","2025","07","25","2025-07-25"
"Consumo Cíclico/Constr Civil","CYRE3","CYRELA REALT","ON      NM","0.311","0.623","257174951.00","2025","07","25","2025-07-25"
"Consumo Cíclico/Constr Civil","DIRR3","DIRECIONAL","ON      NM","0.201","0.623","108541907.00","2025","07","25","2025-07-25"
"Consumo Cíclico/Constr Civil","MRVE3","MRV","ON      NM","0.111","0.623","375507695.00","2025","07","25","2025-07-25"
"Consumo Cíclico/Viagens e Lazer","CVCB3","CVC BRASIL","ON      NM","0.052","0.387","450926127.00","2025","07","25","2025-07-25"
"Consumo Cíclico/Viagens e Lazer","SMFT3","SMART FIT","ON      NM","0.335","0.387","328547988.00","2025","07","25","2025-07-25"
"Diversos","COGN3","COGNA ON","ON      NM","0.238","2.159","1872454628.00","2025","07","25","2025-07-25"
"Diversos","RENT3","LOCALIZA","ON      NM","1.665","2.159","956264719.00","2025","07","25","2025-07-25"
"Diversos","VAMO3","VAMOS","ON      NM","0.092","2.159","485166826.00","2025","07","25","2025-07-25"
"Diversos","YDUQ3","YDUQS PART","ON      NM","0.164","2.159","260249057.00","2025","07","25","2025-07-25"
"Financ e Outros / Explor Imóveis","ALOS3","ALLOS","ON  ED  NM","0.490","1.077","476976044.00","2025","07","25","2025-07-25"
"Financ e Outros / Explor Imóveis","IGTI11","IGUATEMI S.A","UNT     N1","0.201","1.077","198474750.00","2025","07","25","2025-07-25"
"Financ e Outros / Explor Imóveis","MULT3","MULTIPLAN","ON      N2","0.386","1.077","314311970.00","2025","07","25","2025-07-25"
"Financ e Outros / Holdings Divers","ITSA4","ITAUSA","PN      N1","2.949","2.949","5856697902.00","2025","07","25","2025-07-25"
"Financ e Outros / Interms Financs","BBDC3","BRADESCO","ON      N1","0.959","18.591","1469064981.00","2025","07","25","2025-07-25"
"Financ e Outros / Interms Financs","BBDC4","BRADESCO","PN      N1","3.880","18.591","5111682020.00","2025","07","25","2025-07-25"
"Financ e Outros / Interms Financs","BBAS3","BRASIL","ON      NM","2.762","18.591","2842613858.00","2025","07","25","2025-07-25"
"Financ e Outros / Interms Financs","BPAC11","BTGP BANCO","UNT     N2","2.459","18.591","1287247964.00","2025","07","25","2025-07-25"
"Financ e Outros / Interms Financs","ITUB4","ITAUUNIBANCO","PN      N1","8.075","18.591","4757320048.00","2025","07","25","2025-07-25"
"Financ e Outros / Interms Financs","SANB11","SANTANDER BR","UNT EJ","0.456","18.591","356586730.00","2025","07","25","2025-07-25"
"Financ e Outros / Previd  Seguros","BBSE3","BBSEGURIDADE","ON      NM","1.036","2.064","637332335.00","2025","07","25","2025-07-25"
"Financ e Outros / Previd  Seguros","CXSE3","CAIXA SEGURI","ON      NM","0.395","2.064","600000000.00","2025","07","25","2025-07-25"
"Financ e Outros / Previd  Seguros","IRBR3","IRBBRASIL RE","ON      NM","0.177","2.064","81838243.00","2025","07","25","2025-07-25"
"Financ e Outros / Previd  Seguros","PSSA3","PORTO SEGURO","ON      NM","0.456","2.064","182560698.00","2025","07","25","2025-07-25"
"Financeiro e Outros/Serviços Financeiros Diversos","B3SA3","B3","ON      NM","3.303","3.303","5200055464.00","2025","07","25","2025-07-25"
"Mats Básicos / Madeira e Papel","KLBN11","KLABIN S/A","UNT     N2","0.693","2.266","765785673.00","2025","07","25","2025-07-25"
"Mats Básicos / Madeira e Papel","SUZB3","SUZANO S.A.","ON      NM","1.573","2.266","630821784.00","2025","07","25","2025-07-25"
"Mats Básicos / Mineração","BRAP4","BRADESPAR","PN      N1","0.204","12.314","250982988.00","2025","07","25","2025-07-25"
"Mats Básicos / Mineração","CMIN3","CSNMINERACAO","ON      N2","0.422","12.314","1646519336.00","2025","07","25","2025-07-25"
"Mats Básicos / Mineração","VALE3","VALE","ON      NM","11.688","12.314","4270903023.00","2025","07","25","2025-07-25"
"Mats Básicos / Químicos","BRKM5","BRASKEM","PNA     N1","0.117","0.117","265388400.00","2025","07","25","2025-07-25"
"Mats Básicos / Sid Metalurgia","GGBR4","GERDAU","PN      N1","1.094","1.793","1308152318.00","2025","07","25","2025-07-25"
"Mats Básicos / Sid Metalurgia","GOAU4","GERDAU MET","PN      N1","0.291","1.793","623866944.00","2025","07","25","2025-07-25"
"Mats Básicos / Sid Metalurgia","CSNA3","SID NACIONAL","ON","0.301","1.793","727459637.00","2025","07","25","2025-07-25"
"Mats Básicos / Sid Metalurgia","USIM5","USIMINAS","PNA     N1","0.107","1.793","515193199.00","2025","07","25","2025-07-25"
"Petróleo, Gás e Biocombustíveis","BRAV3","BRAVA","ON      NM","0.417","16.145","451311960.00","2025","07","25","2025-07-25"
"Petróleo, Gás e Biocombustíveis","CSAN3","COSAN","ON      NM","0.331","16.145","1160227510.00","2025","07","25","2025-07-25"
"Petróleo, Gás e Biocombustíveis","PETR3","PETROBRAS","ON      N2","4.763","16.145","2820420899.00","2025","07","25","2025-07-25"
"Petróleo, Gás e Biocombustíveis","PETR4","PETROBRAS","PN      N2","6.821","16.145","4410955873.00","2025","07","25","2025-07-25"
"Petróleo, Gás e Biocombustíveis","RECV3","PETRORECSA","ON      NM","0.179","16.145","274981010.00","2025","07","25","2025-07-25"
"Petróleo, Gás e Biocombustíveis","PRIO3","PETRORIO","ON      NM","1.597","16.145","779999989.00","2025","07","25","2025-07-25"
"Petróleo, Gás e Biocombustíveis","RAIZ4","RAIZEN","PN      N2","0.089","16.145","1210756333.00","2025","07","25","2025-07-25"
"Petróleo, Gás e Biocombustíveis","UGPA3","ULTRAPAR","ON      NM","0.850","16.145","1089082981.00","2025","07","25","2025-07-25"
"Petróleo, Gás e Biocombustíveis","VBBR3","VIBRA","ON      NM","1.098","16.145","1113939036.00","2025","07","25","2025-07-25"
"Saúde/Comércio Distr.","HYPE3","HYPERA","ON      NM","0.456","1.350","360057207.00","2025","07","25","2025-07-25"
"Saúde/Comércio Distr.","RADL3","RAIADROGASIL","ON      NM","0.894","1.350","1297567800.00","2025","07","25","2025-07-25"
"Saúde/SM Hosp An.Diag","FLRY3","FLEURY","ON      NM","0.312","2.602","455988366.00","2025","07","25","2025-07-25"
"Saúde/SM Hosp An.Diag","HAPV3","HAPVIDA","ON      NM","0.482","2.602","311217208.00","2025","07","25","2025-07-25"
"Saúde/SM Hosp An.Diag","RDOR3","REDE D OR","ON      NM","1.808","2.602","1145289019.00","2025","07","25","2025-07-25"
"Tec.Informação/Programas Servs","TOTS3","TOTVS","ON      NM","1.107","1.107","531531039.00","2025","07","25","2025-07-25"
"Telecomunicação","VIVT3","TELEF BRASIL","ON","1.139","1.917","764884256.00","2025","07","25","2025-07-25"
"Telecomunicação","TIMS3","TIM","ON      NM","0.778","1.917","806346600.00","2025","07","25","2025-07-25"
"Utilidade Públ / Água Saneamento","SBSP3","SABESP","ON      NM","3.606","3.606","683495706.00","2025","07","25","2025-07-25"
"Utilidade Públ / Energ Elétrica","AURE3","AUREN","ON      NM","0.153","11.677","323738747.00","2025","07","25","2025-07-25"
"Utilidade Públ / Energ Elétrica","CMIG4","CEMIG","PN      N1","0.947","11.677","1858636840.00","2025","07","25","2025-07-25"
"Utilidade Públ / Energ Elétrica","CPLE6","COPEL","PNB     N2","0.949","11.677","1671982390.00","2025","07","25","2025-07-25"
"Utilidade Públ / Energ Elétrica","CPFE3","CPFL ENERGIA","ON      NM","0.347","11.677","187732538.00","2025","07","25","2025-07-25"
"Utilidade Públ / Energ Elétrica","ELET3","ELETROBRAS","ON      N1","3.367","11.677","1808652474.00","2025","07","25","2025-07-25"
"Utilidade Públ / Energ Elétrica","ELET6","ELETROBRAS","PNB     N1","0.547","11.677","268875696.00","2025","07","25","2025-07-25"
"Utilidade Públ / Energ Elétrica","ENGI11","ENERGISA","UNT     N2","0.720","11.677","326175300.00","2025","07","25","2025-07-25"
"Utilidade Públ / Energ Elétrica","ENEV3","ENEVA","ON      NM","1.280","11.677","1907494195.00","2025","07","25","2025-07-25"
"Utilidade Públ / Energ Elétrica","EGIE3","ENGIE BRASIL","ON      NM","0.526","11.677","255236938.00","2025","07","25","2025-07-25"
"Utilidade Públ / Energ Elétrica","EQTL3","EQUATORIAL","ON      NM","2.057","11.677","1244304866.00","2025","07","25","2025-07-25"
"Utilidade Públ / Energ Elétrica","ISAE4","ISA ENERGIA","PN      N1","0.429","11.677","395801044.00","2025","07","25","2025-07-25"
"Utilidade Públ / Energ Elétrica","TAEE11","TAESA","UNT     N2","0.355","11.677","218568234.00","2025","07","25","2025-07-25"
"Bens Indls / Máqs e Equips","WEGE3","WEG","ON      NM","3.050","3.050","1482105837.00","2025","07","21","2025-07-21"
"Bens Indls / Mat Transporte","EMBR3","EMBRAER","ON      NM","2.437","2.701","734631701.00","2025","07","21","2025-07-21"
"Bens Indls / Mat Transporte","POMO4","MARCOPOLO","PN      N2","0.264","2.701","666378439.00","2025","07","21","2025-07-21"
"Bens Indls/Transporte","MOTV3","MOTIVA SA","ON      NM","0.605","1.861","991920937.00","2025","07","21","2025-07-21"
"Bens Indls/Transporte","RAIL3","RUMO S.A.","ON      NM","0.980","1.861","1216914397.00","2025","07","21","2025-07-21"
"Bens Indls/Transporte","STBP3","SANTOS BRP","ON      NM","0.276","1.861","409543219.00","2025","07","21","2025-07-21"
"Cons N  Básico / Alimentos Processados","BRFS3","BRF SA","ON      NM","0.824","1.304","832617717.00","2025","07","21","2025-07-21"
"Cons N  Básico / Alimentos Processados","MRFG3","MARFRIG","ON      NM","0.261","1.304","237618211.00","2025","07","21","2025-07-21"
"Cons N  Básico / Alimentos Processados","BEEF3","MINERVA","ON      NM","0.108","1.304","433214256.00","2025","07","21","2025-07-21"
"Cons N  Básico / Alimentos Processados","SMTO3","SAO MARTINHO","ON      NM","0.111","1.304","128130966.00","2025","07","21","2025-07-21"
"Cons N Cíclico / Bebidas","ABEV3","AMBEV S/A","ON","2.843","2.843","4394835131.00","2025","07","21","2025-07-21"
"Cons N Cíclico / Comércio Distr.","ASAI3","ASSAI","ON      NM","0.635","0.716","1345897506.00","2025","07","21","2025-07-21"
"Cons N Cíclico / Comércio Distr.","PCAR3","P.ACUCAR-CBD","ON      NM","0.081","0.716","461260303.00","2025","07","21","2025-07-21"
"Cons N Cíclico / Pr Pessoal Limp","NATU3","NATURA","ON      NM","0.391","0.391","845713747.00","2025","07","21","2025-07-21"
"Cons N Ciclico/Agropecuária","SLCE3","SLC AGRICOLA","ON      NM","0.172","0.172","194261422.00","2025","07","21","2025-07-21"
"Consumo Cíclico / Comércio","AZZA3","AZZAS 2154","ON      NM","0.237","1.316","136643320.00","2025","07","21","2025-07-21"
"Consumo Cíclico / Comércio","LREN3","LOJAS RENNER","ON      NM","0.887","1.316","1030587204.00","2025","07","21","2025-07-21"
"Consumo Cíclico / Comércio","MGLU3","MAGAZ LUIZA","ON      NM","0.135","1.316","353448195.00","2025","07","21","2025-07-21"
"Consumo Cíclico / Comércio","PETZ3","PETZ","ON  ATZ NM","0.057","1.316","295519280.00","2025","07","21","2025-07-21"
"Consumo Cíclico / Tecid Vest Calç","VIVA3","VIVARA S.A.","ON      NM","0.153","0.153","123160591.00","2025","07","21","2025-07-21"
"Consumo Cíclico/Constr Civil","CYRE3","CYRELA REALT","ON      NM","0.332","0.653","257174951.00","2025","07","21","2025-07-21"
"Consumo Cíclico/Constr Civil","DIRR3","DIRECIONAL","ON      NM","0.212","0.653","108541907.00","2025","07","21","2025-07-21"
"Consumo Cíclico/Constr Civil","MRVE3","MRV","ON      NM","0.109","0.653","375507695.00","2025","07","21","2025-07-21"
"Consumo Cíclico/Viagens e Lazer","CVCB3","CVC BRASIL","ON      NM","0.052","0.402","450926127.00","2025","07","21","2025-07-21"
"Consumo Cíclico/Viagens e Lazer","SMFT3","SMART FIT","ON      NM","0.350","0.402","328547988.00","2025","07","21","2025-07-21"
"Diversos","COGN3","COGNA ON","ON      NM","0.236","2.157","1872454628.00","2025","07","21","2025-07-21"
"Diversos","RENT3","LOCALIZA","ON      NM","1.663","2.157","956264719.00","2025","07","21","2025-07-21"
"Diversos","VAMO3","VAMOS","ON      NM","0.090","2.157","485166826.00","2025","07","21","2025-07-21"
"Diversos","YDUQ3","YDUQS PART","ON      NM","0.168","2.157","260249057.00","2025","07","21","2025-07-21"
"Financ e Outros / Explor Imóveis","ALOS3","ALLOS","ON      NM","0.502","1.092","476976044.00","2025","07","21","2025-07-21"
"Financ e Outros / Explor Imóveis","IGTI11","IGUATEMI S.A","UNT     N1","0.205","1.092","198474750.00","2025","07","21","2025-07-21"
"Financ e Outros / Explor Imóveis","MULT3","MULTIPLAN","ON      N2","0.385","1.092","314311970.00","2025","07","21","2025-07-21"
"Financ e Outros / Holdings Divers","ITSA4","ITAUSA","PN      N1","2.972","2.972","5856697902.00","2025","07","21","2025-07-21"
"Financ e Outros / Interms Financs","BBDC3","BRADESCO","ON      N1","0.960","18.727","1469064981.00","2025","07","21","2025-07-21"
"Financ e Outros / Interms Financs","BBDC4","BRADESCO","PN      N1","3.890","18.727","5111682020.00","2025","07","21","2025-07-21"
"Financ e Outros / Interms Financs","BBAS3","BRASIL","ON      NM","2.797","18.727","2842613858.00","2025","07","21","2025-07-21"
"Financ e Outros / Interms Financs","BPAC11","BTGP BANCO","UNT     N2","2.521","18.727","1287247964.00","2025","07","21","2025-07-21"
"Financ e Outros / Interms Financs","ITUB4","ITAUUNIBANCO","PN      N1","8.103","18.727","4757320048.00","2025","07","21","2025-07-21"
"Financ e Outros / Interms Financs","SANB11","SANTANDER BR","UNT EJ","0.456","18.727","356586730.00","2025","07","21","2025-07-21"
"Financ e Outros / Previd  Seguros","BBSE3","BBSEGURIDADE","ON      NM","1.062","2.104","637332335.00","2025","07","21","2025-07-21"
"Financ e Outros / Previd  Seguros","CXSE3","CAIXA SEGURI","ON      NM","0.407","2.104","600000000.00","2025","07","21","2025-07-21"
"Financ e Outros / Previd  Seguros","IRBR3","IRBBRASIL RE","ON      NM","0.176","2.104","81838243.00","2025","07","21","2025-07-21"
"Financ e Outros / Previd  Seguros","PSSA3","PORTO SEGURO","ON      NM","0.459","2.104","182560698.00","2025","07","21","2025-07-21"
"Financeiro e Outros/Serviços Financeiros Diversos","B3SA3","B3","ON      NM","3.276","3.276","5200055464.00","2025","07","21","2025-07-21"
"Mats Básicos / Madeira e Papel","KLBN11","KLABIN S/A","UNT     N2","0.698","2.249","765785673.00","2025","07","21","2025-07-21"
"Mats Básicos / Madeira e Papel","SUZB3","SUZANO S.A.","ON  ATZ NM","1.551","2.249","630821784.00","2025","07","21","2025-07-21"
"Mats Básicos / Mineração","BRAP4","BRADESPAR","PN      N1","0.197","11.917","250982988.00","2025","07","21","2025-07-21"
"Mats Básicos / Mineração","CMIN3","CSNMINERACAO","ON      N2","0.403","11.917","1646519336.00","2025","07","21","2025-07-21"
"Mats Básicos / Mineração","VALE3","VALE","ON      NM","11.317","11.917","4270903023.00","2025","07","21","2025-07-21"
"Mats Básicos / Químicos","BRKM5","BRASKEM","PNA     N1","0.107","0.107","265388400.00","2025","07","21","2025-07-21"
"Mats Básicos / Sid Metalurgia","GGBR4","GERDAU","PN      N1","1.023","1.670","1308152318.00","2025","07","21","2025-07-21"
"Mats Básicos / Sid Metalurgia","GOAU4","GERDAU MET","PN      N1","0.273","1.670","623866944.00","2025","07","21","2025-07-21"
"Mats Básicos / Sid Metalurgia","CSNA3","SID NACIONAL","ON","0.276","1.670","727459637.00","2025","07","21","2025-07-21"
"Mats Básicos / Sid Metalurgia","USIM5","USIMINAS","PNA     N1","0.098","1.670","515193199.00","2025","07","21","2025-07-21"
"Petróleo, Gás e Biocombustíveis","BRAV3","BRAVA","ON  ATZ NM","0.411","15.830","451311960.00","2025","07","21","2025-07-21"
"Petróleo, Gás e Biocombustíveis","CSAN3","COSAN","ON      NM","0.336","15.830","1160227510.00","2025","07","21","2025-07-21"
"Petróleo, Gás e Biocombustíveis","PETR3","PETROBRAS","ON      N2","4.608","15.830","2820420899.00","2025","07","21","2025-07-21"
"Petróleo, Gás e Biocombustíveis","PETR4","PETROBRAS","PN      N2","6.638","15.830","4410955873.00","2025","07","21","2025-07-21"
"Petróleo, Gás e Biocombustíveis","RECV3","PETRORECSA","ON      NM","0.183","15.830","274981010.00","2025","07","21","2025-07-21"
"Petróleo, Gás e Biocombustíveis","PRIO3","PETRORIO","ON      NM","1.640","15.830","779999989.00","2025","07","21","2025-07-21"
"Petróleo, Gás e Biocombustíveis","RAIZ4","RAIZEN","PN      N2","0.089","15.830","1210756333.00","2025","07","21","2025-07-21"
"Petróleo, Gás e Biocombustíveis","UGPA3","ULTRAPAR","ON      NM","0.830","15.830","1089082981.00","2025","07","21","2025-07-21"
"Petróleo, Gás e Biocombustíveis","VBBR3","VIBRA","ON      NM","1.095","15.830","1113939036.00","2025","07","21","2025-07-21"
"Saúde/Comércio Distr.","HYPE3","HYPERA","ON      NM","0.462","1.315","360057207.00","2025","07","21","2025-07-21"
"Saúde/Comércio Distr.","RADL3","RAIADROGASIL","ON      NM","0.853","1.315","1297567800.00","2025","07","21","2025-07-21"
"Saúde/SM Hosp An.Diag","FLRY3","FLEURY","ON      NM","0.280","2.596","455988366.00","2025","07","21","2025-07-21"
"Saúde/SM Hosp An.Diag","HAPV3","HAPVIDA","ON      NM","0.487","2.596","311217208.00","2025","07","21","2025-07-21"
"Saúde/SM Hosp An.Diag","RDOR3","REDE D OR","ON      NM","1.829","2.596","1145289019.00","2025","07","21","2025-07-21"
"Tec.Informação/Programas Servs","TOTS3","TOTVS","ON      NM","1.076","1.076","531531039.00","2025","07","21","2025-07-21"
"Telecomunicação","VIVT3","TELEF BRASIL","ON","1.150","1.948","764884256.00","2025","07","21","2025-07-21"
"Telecomunicação","TIMS3","TIM","ON      NM","0.798","1.948","806346600.00","2025","07","21","2025-07-21"
"Utilidade Públ / Água Saneamento","SBSP3","SABESP","ON      NM","3.674","3.674","683495706.00","2025","07","21","2025-07-21"
"Utilidade Públ / Energ Elétrica","AURE3","AUREN","ON      NM","0.141","11.728","323738747.00","2025","07","21","2025-07-21"
"Utilidade Públ / Energ Elétrica","CMIG4","CEMIG","PN      N1","0.937","11.728","1858636840.00","2025","07","21","2025-07-21"
"Utilidade Públ / Energ Elétrica","CPLE6","COPEL","PNB     N2","0.965","11.728","1671982390.00","2025","07","21","2025-07-21"
"Utilidade Públ / Energ Elétrica","CPFE3","CPFL ENERGIA","ON      NM","0.348","11.728","187732538.00","2025","07","21","2025-07-21"
"Utilidade Públ / Energ Elétrica","ELET3","ELETROBRAS","ON      N1","3.422","11.728","1808652474.00","2025","07","21","2025-07-21"
"Utilidade Públ / Energ Elétrica","ELET6","ELETROBRAS","PNB     N1","0.555","11.728","268875696.00","2025","07","21","2025-07-21"
"Utilidade Públ / Energ Elétrica","ENGI11","ENERGISA","UNT     N2","0.718","11.728","326175300.00","2025","07","21","2025-07-21"
"Utilidade Públ / Energ Elétrica","ENEV3","ENEVA","ON      NM","1.268","11.728","1907494195.00","2025","07","21","2025-07-21"
"Utilidade Públ / Energ Elétrica","EGIE3","ENGIE BRASIL","ON      NM","0.517","11.728","255236938.00","2025","07","21","2025-07-21"
"Utilidade Públ / Energ Elétrica","EQTL3","EQUATORIAL","ON      NM","2.068","11.728","1244304866.00","2025","07","21","2025-07-21"
"Utilidade Públ / Energ Elétrica","ISAE4","ISA ENERGIA","PN      N1","0.431","11.728","395801044.00","2025","07","21","2025-07-21"
"Utilidade Públ / Energ Elétrica","TAEE11","TAESA","UNT     N2","0.358","11.728","218568234.00","2025","07","21","2025-07-21"
"Bens Indls / Máqs e Equips","WEGE3","WEG","ON      NM","2.960","2.960","1482105837.00","2025","07","23","2025-07-23"
"Bens Indls / Mat Transporte","EMBR3","EMBRAER","ON      NM","2.402","2.669","734631701.00","2025","07","23","2025-07-23"
"Bens Indls / Mat Transporte","POMO4","MARCOPOLO","PN      N2","0.267","2.669","666378439.00","2025","07","23","2025-07-23"
"Bens Indls/Transporte","MOTV3","MOTIVA SA","ON      NM","0.592","1.854","991920937.00","2025","07","23","2025-07-23"
"Bens Indls/Transporte","RAIL3","RUMO S.A.","ON      NM","0.987","1.854","1216914397.00","2025","07","23","2025-07-23"
"Bens Indls/Transporte","STBP3","SANTOS BRP","ON      NM","0.275","1.854","409543219.00","2025","07","23","2025-07-23"
"Cons N  Básico / Alimentos Processados","BRFS3","BRF SA","ON      NM","0.892","1.373","832617717.00","2025","07","23","2025-07-23"
"Cons N  Básico / Alimentos Processados","MRFG3","MARFRIG","ON      NM","0.264","1.373","237618211.00","2025","07","23","2025-07-23"
"Cons N  Básico / Alimentos Processados","BEEF3","MINERVA","ON      NM","0.107","1.373","433214256.00","2025","07","23","2025-07-23"
"Cons N  Básico / Alimentos Processados","SMTO3","SAO MARTINHO","ON      NM","0.110","1.373","128130966.00","2025","07","23","2025-07-23"
"Cons N Cíclico / Bebidas","ABEV3","AMBEV S/A","ON","2.846","2.846","4394835131.00","2025","07","23","2025-07-23"
"Cons N Cíclico / Comércio Distr.","ASAI3","ASSAI","ON      NM","0.626","0.701","1345897506.00","2025","07","23","2025-07-23"
"Cons N Cíclico / Comércio Distr.","PCAR3","P.ACUCAR-CBD","ON      NM","0.075","0.701","461260303.00","2025","07","23","2025-07-23"
"Cons N Cíclico / Pr Pessoal Limp","NATU3","NATURA","ON      NM","0.374","0.374","845713747.00","2025","07","23","2025-07-23"
"Cons N Ciclico/Agropecuária","SLCE3","SLC AGRICOLA","ON      NM","0.168","0.168","194261422.00","2025","07","23","2025-07-23"
"Consumo Cíclico / Comércio","AZZA3","AZZAS 2154","ON      NM","0.238","1.291","136643320.00","2025","07","23","2025-07-23"
"Consumo Cíclico / Comércio","LREN3","LOJAS RENNER","ON      NM","0.868","1.291","1030587204.00","2025","07","23","2025-07-23"
"Consumo Cíclico / Comércio","MGLU3","MAGAZ LUIZA","ON      NM","0.128","1.291","353448195.00","2025","07","23","2025-07-23"
"Consumo Cíclico / Comércio","PETZ3","PETZ","ON  ATZ NM","0.057","1.291","295519280.00","2025","07","23","2025-07-23"
"Consumo Cíclico / Tecid Vest Calç","VIVA3","VIVARA S.A.","ON      NM","0.148","0.148","123160591.00","2025","07","23","2025-07-23"
"Consumo Cíclico/Constr Civil","CYRE3","CYRELA REALT","ON      NM","0.320","0.634","257174951.00","2025","07","23","2025-07-23"
"Consumo Cíclico/Constr Civil","DIRR3","DIRECIONAL","ON      NM","0.206","0.634","108541907.00","2025","07","23","2025-07-23"
"Consumo Cíclico/Constr Civil","MRVE3","MRV","ON      NM","0.108","0.634","375507695.00","2025","07","23","2025-07-23"
"Consumo Cíclico/Viagens e Lazer","CVCB3","CVC BRASIL","ON      NM","0.051","0.388","450926127.00","2025","07","23","2025-07-23"
"Consumo Cíclico/Viagens e Lazer","SMFT3","SMART FIT","ON      NM","0.337","0.388","328547988.00","2025","07","23","2025-07-23"
"Diversos","COGN3","COGNA ON","ON      NM","0.233","2.144","1872454628.00","2025","07","23","2025-07-23"
"Diversos","RENT3","LOCALIZA","ON      NM","1.655","2.144","956264719.00","2025","07","23","2025-07-23"
"Diversos","VAMO3","VAMOS","ON      NM","0.093","2.144","485166826.00","2025","07","23","2025-07-23"
"Diversos","YDUQ3","YDUQS PART","ON      NM","0.163","2.144","260249057.00","2025","07","23","2025-07-23"
"Financ e Outros / Explor Imóveis","ALOS3","ALLOS","ON  ED  NM","0.488","1.070","476976044.00","2025","07","23","2025-07-23"
"Financ e Outros / Explor Imóveis","IGTI11","IGUATEMI S.A","UNT     N1","0.201","1.070","198474750.00","2025","07","23","2025-07-23"
"Financ e Outros / Explor Imóveis","MULT3","MULTIPLAN","ON      N2","0.381","1.070","314311970.00","2025","07","23","2025-07-23"
"Financ e Outros / Holdings Divers","ITSA4","ITAUSA","PN      N1","2.944","2.944","5856697902.00","2025","07","23","2025-07-23"
"Financ e Outros / Interms Financs","BBDC3","BRADESCO","ON      N1","0.952","18.517","1469064981.00","2025","07","23","2025-07-23"
"Financ e Outros / Interms Financs","BBDC4","BRADESCO","PN      N1","3.861","18.517","5111682020.00","2025","07","23","2025-07-23"
"Financ e Outros / Interms Financs","BBAS3","BRASIL","ON      NM","2.733","18.517","2842613858.00","2025","07","23","2025-07-23"
"Financ e Outros / Interms Financs","BPAC11","BTGP BANCO","UNT     N2","2.469","18.517","1287247964.00","2025","07","23","2025-07-23"
"Financ e Outros / Interms Financs","ITUB4","ITAUUNIBANCO","PN      N1","8.047","18.517","4757320048.00","2025","07","23","2025-07-23"
"Financ e Outros / Interms Financs","SANB11","SANTANDER BR","UNT EJ","0.455","18.517","356586730.00","2025","07","23","2025-07-23"
"Financ e Outros / Previd  Seguros","BBSE3","BBSEGURIDADE","ON      NM","1.037","2.061","637332335.00","2025","07","23","2025-07-23"
"Financ e Outros / Previd  Seguros","CXSE3","CAIXA SEGURI","ON      NM","0.396","2.061","600000000.00","2025","07","23","2025-07-23"
"Financ e Outros / Previd  Seguros","IRBR3","IRBBRASIL RE","ON      NM","0.173","2.061","81838243.00","2025","07","23","2025-07-23"
"Financ e Outros / Previd  Seguros","PSSA3","PORTO SEGURO","ON      NM","0.455","2.061","182560698.00","2025","07","23","2025-07-23"
"Financeiro e Outros/Serviços Financeiros Diversos","B3SA3","B3","ON      NM","3.285","3.285","5200055464.00","2025","07","23","2025-07-23"
"Mats Básicos / Madeira e Papel","KLBN11","KLABIN S/A","UNT     N2","0.689","2.252","765785673.00","2025","07","23","2025-07-23"
"Mats Básicos / Madeira e Papel","SUZB3","SUZANO S.A.","ON  ATZ NM","1.563","2.252","630821784.00","2025","07","23","2025-07-23"
"Mats Básicos / Mineração","BRAP4","BRADESPAR","PN      N1","0.205","12.498","250982988.00","2025","07","23","2025-07-23"
"Mats Básicos / Mineração","CMIN3","CSNMINERACAO","ON      N2","0.424","12.498","1646519336.00","2025","07","23","2025-07-23"
"Mats Básicos / Mineração","VALE3","VALE","ON      NM","11.869","12.498","4270903023.00","2025","07","23","2025-07-23"
"Mats Básicos / Químicos","BRKM5","BRASKEM","PNA     N1","0.112","0.112","265388400.00","2025","07","23","2025-07-23"
"Mats Básicos / Sid Metalurgia","GGBR4","GERDAU","PN      N1","1.069","1.759","1308152318.00","2025","07","23","2025-07-23"
"Mats Básicos / Sid Metalurgia","GOAU4","GERDAU MET","PN      N1","0.283","1.759","623866944.00","2025","07","23","2025-07-23"
"Mats Básicos / Sid Metalurgia","CSNA3","SID NACIONAL","ON","0.301","1.759","727459637.00","2025","07","23","2025-07-23"
"Mats Básicos / Sid Metalurgia","USIM5","USIMINAS","PNA     N1","0.106","1.759","515193199.00","2025","07","23","2025-07-23"
"Petróleo, Gás e Biocombustíveis","BRAV3","BRAVA","ON  ATZ NM","0.407","15.824","451311960.00","2025","07","23","2025-07-23"
"Petróleo, Gás e Biocombustíveis","CSAN3","COSAN","ON      NM","0.322","15.824","1160227510.00","2025","07","23","2025-07-23"
"Petróleo, Gás e Biocombustíveis","PETR3","PETROBRAS","ON      N2","4.645","15.824","2820420899.00","2025","07","23","2025-07-23"
"Petróleo, Gás e Biocombustíveis","PETR4","PETROBRAS","PN      N2","6.683","15.824","4410955873.00","2025","07","23","2025-07-23"
"Petróleo, Gás e Biocombustíveis","RECV3","PETRORECSA","ON      NM","0.177","15.824","274981010.00","2025","07","23","2025-07-23"
"Petróleo, Gás e Biocombustíveis","PRIO3","PETRORIO","ON      NM","1.605","15.824","779999989.00","2025","07","23","2025-07-23"
"Petróleo, Gás e Biocombustíveis","RAIZ4","RAIZEN","PN      N2","0.085","15.824","1210756333.00","2025","07","23","2025-07-23"
"Petróleo, Gás e Biocombustíveis","UGPA3","ULTRAPAR","ON      NM","0.824","15.824","1089082981.00","2025","07","23","2025-07-23"
"Petróleo, Gás e Biocombustíveis","VBBR3","VIBRA","ON      NM","1.076","15.824","1113939036.00","2025","07","23","2025-07-23"
"Saúde/Comércio Distr.","HYPE3","HYPERA","ON      NM","0.451","1.331","360057207.00","2025","07","23","2025-07-23"
"Saúde/Comércio Distr.","RADL3","RAIADROGASIL","ON      NM","0.880","1.331","1297567800.00","2025","07","23","2025-07-23"
"Saúde/SM Hosp An.Diag","FLRY3","FLEURY","ON      NM","0.317","2.596","455988366.00","2025","07","23","2025-07-23"
"Saúde/SM Hosp An.Diag","HAPV3","HAPVIDA","ON      NM","0.468","2.596","311217208.00","2025","07","23","2025-07-23"
"Saúde/SM Hosp An.Diag","RDOR3","REDE D OR","ON      NM","1.811","2.596","1145289019.00","2025","07","23","2025-07-23"
"Tec.Informação/Programas Servs","TOTS3","TOTVS","ON      NM","1.070","1.070","531531039.00","2025","07","23","2025-07-23"
"Telecomunicação","VIVT3","TELEF BRASIL","ON","1.120","1.894","764884256.00","2025","07","23","2025-07-23"
"Telecomunicação","TIMS3","TIM","ON      NM","0.774","1.894","806346600.00","2025","07","23","2025-07-23"
"Utilidade Públ / Água Saneamento","SBSP3","SABESP","ON      NM","3.637","3.637","683495706.00","2025","07","23","2025-07-23"
"Utilidade Públ / Energ Elétrica","AURE3","AUREN","ON      NM","0.147","11.600","323738747.00","2025","07","23","2025-07-23"
"Utilidade Públ / Energ Elétrica","CMIG4","CEMIG","PN      N1","0.930","11.600","1858636840.00","2025","07","23","2025-07-23"
"Utilidade Públ / Energ Elétrica","CPLE6","COPEL","PNB     N2","0.945","11.600","1671982390.00","2025","07","23","2025-07-23"
"Utilidade Públ / Energ Elétrica","CPFE3","CPFL ENERGIA","ON      NM","0.338","11.600","187732538.00","2025","07","23","2025-07-23"
"Utilidade Públ / Energ Elétrica","ELET3","ELETROBRAS","ON      N1","3.378","11.600","1808652474.00","2025","07","23","2025-07-23"
"Utilidade Públ / Energ Elétrica","ELET6","ELETROBRAS","PNB     N1","0.549","11.600","268875696.00","2025","07","23","2025-07-23"
"Utilidade Públ / Energ Elétrica","ENGI11","ENERGISA","UNT     N2","0.712","11.600","326175300.00","2025","07","23","2025-07-23"
"Utilidade Públ / Energ Elétrica","ENEV3","ENEVA","ON      NM","1.272","11.600","1907494195.00","2025","07","23","2025-07-23"
"Utilidade Públ / Energ Elétrica","EGIE3","ENGIE BRASIL","ON      NM","0.513","11.600","255236938.00","2025","07","23","2025-07-23"
"Utilidade Públ / Energ Elétrica","EQTL3","EQUATORIAL","ON      NM","2.040","11.600","1244304866.00","2025","07","23","2025-07-23"
"Utilidade Públ / Energ Elétrica","ISAE4","ISA ENERGIA","PN      N1","0.424","11.600","395801044.00","2025","07","23","2025-07-23"
"Utilidade Públ / Energ Elétrica","TAEE11","TAESA","UNT     N2","0.352","11.600","218568234.00","2025","07","23","2025-07-23"
"Bens Indls / Máqs e Equips","WEGE3","WEG","ON      NM","2.696","2.696","1482105837.00","2025","07","24","2025-07-24"
"Bens Indls / Mat Transporte","EMBR3","EMBRAER","ON      NM","2.407","2.674","734631701.00","2025","07","24","2025-07-24"
"Bens Indls / Mat Transporte","POMO4","MARCOPOLO","PN      N2","0.267","2.674","666378439.00","2025","07","24","2025-07-24"
"Bens Indls/Transporte","MOTV3","MOTIVA SA","ON      NM","0.595","1.862","991920937.00","2025","07","24","2025-07-24"
"Bens Indls/Transporte","RAIL3","RUMO S.A.","ON      NM","0.995","1.862","1216914397.00","2025","07","24","2025-07-24"
"Bens Indls/Transporte","STBP3","SANTOS BRP","ON      NM","0.272","1.862","409543219.00","2025","07","24","2025-07-24"
"Cons N  Básico / Alimentos Processados","BRFS3","BRF SA","ON      NM","0.867","1.350","832617717.00","2025","07","24","2025-07-24"
"Cons N  Básico / Alimentos Processados","MRFG3","MARFRIG","ON      NM","0.264","1.350","237618211.00","2025","07","24","2025-07-24"
"Cons N  Básico / Alimentos Processados","BEEF3","MINERVA","ON      NM","0.109","1.350","433214256.00","2025","07","24","2025-07-24"
"Cons N  Básico / Alimentos Processados","SMTO3","SAO MARTINHO","ON      NM","0.110","1.350","128130966.00","2025","07","24","2025-07-24"
"Cons N Cíclico / Bebidas","ABEV3","AMBEV S/A","ON","2.858","2.858","4394835131.00","2025","07","24","2025-07-24"
"Cons N Cíclico / Comércio Distr.","ASAI3","ASSAI","ON      NM","0.623","0.699","1345897506.00","2025","07","24","2025-07-24"
"Cons N Cíclico / Comércio Distr.","PCAR3","P.ACUCAR-CBD","ON      NM","0.076","0.699","461260303.00","2025","07","24","2025-07-24"
"Cons N Cíclico / Pr Pessoal Limp","NATU3","NATURA","ON      NM","0.386","0.386","845713747.00","2025","07","24","2025-07-24"
"Cons N Ciclico/Agropecuária","SLCE3","SLC AGRICOLA","ON      NM","0.168","0.168","194261422.00","2025","07","24","2025-07-24"
"Consumo Cíclico / Comércio","AZZA3","AZZAS 2154","ON      NM","0.243","1.300","136643320.00","2025","07","24","2025-07-24"
"Consumo Cíclico / Comércio","LREN3","LOJAS RENNER","ON      NM","0.869","1.300","1030587204.00","2025","07","24","2025-07-24"
"Consumo Cíclico / Comércio","MGLU3","MAGAZ LUIZA","ON      NM","0.132","1.300","353448195.00","2025","07","24","2025-07-24"
"Consumo Cíclico / Comércio","PETZ3","PETZ","ON      NM","0.056","1.300","295519280.00","2025","07","24","2025-07-24"
"Consumo Cíclico / Tecid Vest Calç","VIVA3","VIVARA S.A.","ON      NM","0.150","0.150","123160591.00","2025","07","24","2025-07-24"
"Consumo Cíclico/Constr Civil","CYRE3","CYRELA REALT","ON      NM","0.319","0.636","257174951.00","2025","07","24","2025-07-24"
"Consumo Cíclico/Constr Civil","DIRR3","DIRECIONAL","ON      NM","0.205","0.636","108541907.00","2025","07","24","2025-07-24"
"Consumo Cíclico/Constr Civil","MRVE3","MRV","ON      NM","0.112","0.636","375507695.00","2025","07","24","2025-07-24"
"Consumo Cíclico/Viagens e Lazer","CVCB3","CVC BRASIL","ON      NM","0.052","0.391","450926127.00","2025","07","24","2025-07-24"
"Consumo Cíclico/Viagens e Lazer","SMFT3","SMART FIT","ON      NM","0.339","0.391","328547988.00","2025","07","24","2025-07-24"
"Diversos","COGN3","COGNA ON","ON      NM","0.237","2.147","1872454628.00","2025","07","24","2025-07-24"
"Diversos","RENT3","LOCALIZA","ON      NM","1.658","2.147","956264719.00","2025","07","24","2025-07-24"
"Diversos","VAMO3","VAMOS","ON      NM","0.090","2.147","485166826.00","2025","07","24","2025-07-24"
"Diversos","YDUQ3","YDUQS PART","ON      NM","0.162","2.147","260249057.00","2025","07","24","2025-07-24"
"Financ e Outros / Explor Imóveis","ALOS3","ALLOS","ON  ED  NM","0.491","1.081","476976044.00","2025","07","24","2025-07-24"
"Financ e Outros / Explor Imóveis","IGTI11","IGUATEMI S.A","UNT     N1","0.203","1.081","198474750.00","2025","07","24","2025-07-24"
"Financ e Outros / Explor Imóveis","MULT3","MULTIPLAN","ON      N2","0.387","1.081","314311970.00","2025","07","24","2025-07-24"
"Financ e Outros / Holdings Divers","ITSA4","ITAUSA","PN      N1","2.954","2.954","5856697902.00","2025","07","24","2025-07-24"
"Financ e Outros / Interms Financs","BBDC3","BRADESCO","ON      N1","0.958","18.590","1469064981.00","2025","07","24","2025-07-24"
"Financ e Outros / Interms Financs","BBDC4","BRADESCO","PN      N1","3.885","18.590","5111682020.00","2025","07","24","2025-07-24"
"Financ e Outros / Interms Financs","BBAS3","BRASIL","ON      NM","2.749","18.590","2842613858.00","2025","07","24","2025-07-24"
"Financ e Outros / Interms Financs","BPAC11","BTGP BANCO","UNT     N2","2.488","18.590","1287247964.00","2025","07","24","2025-07-24"
"Financ e Outros / Interms Financs","ITUB4","ITAUUNIBANCO","PN      N1","8.057","18.590","4757320048.00","2025","07","24","2025-07-24"
"Financ e Outros / Interms Financs","SANB11","SANTANDER BR","UNT EJ","0.453","18.590","356586730.00","2025","07","24","2025-07-24"
"Financ e Outros / Previd  Seguros","BBSE3","BBSEGURIDADE","ON      NM","1.030","2.054","637332335.00","2025","07","24","2025-07-24"
"Financ e Outros / Previd  Seguros","CXSE3","CAIXA SEGURI","ON      NM","0.394","2.054","600000000.00","2025","07","24","2025-07-24"
"Financ e Outros / Previd  Seguros","IRBR3","IRBBRASIL RE","ON      NM","0.175","2.054","81838243.00","2025","07","24","2025-07-24"
"Financ e Outros / Previd  Seguros","PSSA3","PORTO SEGURO","ON      NM","0.455","2.054","182560698.00","2025","07","24","2025-07-24"
"Financeiro e Outros/Serviços Financeiros Diversos","B3SA3","B3","ON      NM","3.332","3.332","5200055464.00","2025","07","24","2025-07-24"
"Mats Básicos / Madeira e Papel","KLBN11","KLABIN S/A","UNT     N2","0.685","2.247","765785673.00","2025","07","24","2025-07-24"
"Mats Básicos / Madeira e Papel","SUZB3","SUZANO S.A.","ON      NM","1.562","2.247","630821784.00","2025","07","24","2025-07-24"
"Mats Básicos / Mineração","BRAP4","BRADESPAR","PN      N1","0.204","12.363","250982988.00","2025","07","24","2025-07-24"
"Mats Básicos / Mineração","CMIN3","CSNMINERACAO","ON      N2","0.423","12.363","1646519336.00","2025","07","24","2025-07-24"
"Mats Básicos / Mineração","VALE3","VALE","ON      NM","11.736","12.363","4270903023.00","2025","07","24","2025-07-24"
"Mats Básicos / Químicos","BRKM5","BRASKEM","PNA     N1","0.114","0.114","265388400.00","2025","07","24","2025-07-24"
"Mats Básicos / Sid Metalurgia","GGBR4","GERDAU","PN      N1","1.078","1.778","1308152318.00","2025","07","24","2025-07-24"
"Mats Básicos / Sid Metalurgia","GOAU4","GERDAU MET","PN      N1","0.287","1.778","623866944.00","2025","07","24","2025-07-24"
"Mats Básicos / Sid Metalurgia","CSNA3","SID NACIONAL","ON","0.305","1.778","727459637.00","2025","07","24","2025-07-24"
"Mats Básicos / Sid Metalurgia","USIM5","USIMINAS","PNA     N1","0.108","1.778","515193199.00","2025","07","24","2025-07-24"
"Petróleo, Gás e Biocombustíveis","BRAV3","BRAVA","ON      NM","0.414","15.971","451311960.00","2025","07","24","2025-07-24"
"Petróleo, Gás e Biocombustíveis","CSAN3","COSAN","ON      NM","0.326","15.971","1160227510.00","2025","07","24","2025-07-24"
"Petróleo, Gás e Biocombustíveis","PETR3","PETROBRAS","ON      N2","4.702","15.971","2820420899.00","2025","07","24","2025-07-24"
"Petróleo, Gás e Biocombustíveis","PETR4","PETROBRAS","PN      N2","6.753","15.971","4410955873.00","2025","07","24","2025-07-24"
"Petróleo, Gás e Biocombustíveis","RECV3","PETRORECSA","ON      NM","0.178","15.971","274981010.00","2025","07","24","2025-07-24"
"Petróleo, Gás e Biocombustíveis","PRIO3","PETRORIO","ON      NM","1.585","15.971","779999989.00","2025","07","24","2025-07-24"
"Petróleo, Gás e Biocombustíveis","RAIZ4","RAIZEN","PN      N2","0.089","15.971","1210756333.00","2025","07","24","2025-07-24"
"Petróleo, Gás e Biocombustíveis","UGPA3","ULTRAPAR","ON      NM","0.847","15.971","1089082981.00","2025","07","24","2025-07-24"
"Petróleo, Gás e Biocombustíveis","VBBR3","VIBRA","ON      NM","1.077","15.971","1113939036.00","2025","07","24","2025-07-24"
"Saúde/Comércio Distr.","HYPE3","HYPERA","ON      NM","0.456","1.336","360057207.00","2025","07","24","2025-07-24"
"Saúde/Comércio Distr.","RADL3","RAIADROGASIL","ON      NM","0.880","1.336","1297567800.00","2025","07","24","2025-07-24"
"Saúde/SM Hosp An.Diag","FLRY3","FLEURY","ON      NM","0.317","2.605","455988366.00","2025","07","24","2025-07-24"
"Saúde/SM Hosp An.Diag","HAPV3","HAPVIDA","ON      NM","0.474","2.605","311217208.00","2025","07","24","2025-07-24"
"Saúde/SM Hosp An.Diag","RDOR3","REDE D OR","ON      NM","1.814","2.605","1145289019.00","2025","07","24","2025-07-24"
"Tec.Informação/Programas Servs","TOTS3","TOTVS","ON      NM","1.090","1.090","531531039.00","2025","07","24","2025-07-24"
"Telecomunicação","VIVT3","TELEF BRASIL","ON","1.124","1.896","764884256.00","2025","07","24","2025-07-24"
"Telecomunicação","TIMS3","TIM","ON      NM","0.772","1.896","806346600.00","2025","07","24","2025-07-24"
"Utilidade Públ / Água Saneamento","SBSP3","SABESP","ON      NM","3.629","3.629","683495706.00","2025","07","24","2025-07-24"
"Utilidade Públ / Energ Elétrica","AURE3","AUREN","ON      NM","0.151","11.643","323738747.00","2025","07","24","2025-07-24"
"Utilidade Públ / Energ Elétrica","CMIG4","CEMIG","PN      N1","0.941","11.643","1858636840.00","2025","07","24","2025-07-24"
"Utilidade Públ / Energ Elétrica","CPLE6","COPEL","PNB     N2","0.951","11.643","1671982390.00","2025","07","24","2025-07-24"
"Utilidade Públ / Energ Elétrica","CPFE3","CPFL ENERGIA","ON      NM","0.346","11.643","187732538.00","2025","07","24","2025-07-24"
"Utilidade Públ / Energ Elétrica","ELET3","ELETROBRAS","ON      N1","3.356","11.643","1808652474.00","2025","07","24","2025-07-24"
"Utilidade Públ / Energ Elétrica","ELET6","ELETROBRAS","PNB     N1","0.547","11.643","268875696.00","2025","07","24","2025-07-24"
"Utilidade Públ / Energ Elétrica","ENGI11","ENERGISA","UNT     N2","0.718","11.643","326175300.00","2025","07","24","2025-07-24"
"Utilidade Públ / Energ Elétrica","ENEV3","ENEVA","ON      NM","1.277","11.643","1907494195.00","2025","07","24","2025-07-24"
"Utilidade Públ / Energ Elétrica","EGIE3","ENGIE BRASIL","ON      NM","0.519","11.643","255236938.00","2025","07","24","2025-07-24"
"Utilidade Públ / Energ Elétrica","EQTL3","EQUATORIAL","ON      NM","2.060","11.643","1244304866.00","2025","07","24","2025-07-24"
"Utilidade Públ / Energ Elétrica","ISAE4","ISA ENERGIA","PN      N1","0.425","11.643","395801044.00","2025","07","24","2025-07-24"
"Utilidade Públ / Energ Elétrica","TAEE11","TAESA","UNT     N2","0.352","11.643","218568234.00","2025","07","24","2025-07-24"
"Bens Indls / Máqs e Equips","WEGE3","WEG","ON      NM","3.050","3.050","1482105837.00","2025","07","19","2025-07-19"
"Bens Indls / Mat Transporte","EMBR3","EMBRAER","ON      NM","2.437","2.701","734631701.00","2025","07","19","2025-07-19"
"Bens Indls / Mat Transporte","POMO4","MARCOPOLO","PN      N2","0.264","2.701","666378439.00","2025","07","19","2025-07-19"
"Bens Indls/Transporte","MOTV3","MOTIVA SA","ON      NM","0.605","1.861","991920937.00","2025","07","19","2025-07-19"
"Bens Indls/Transporte","RAIL3","RUMO S.A.","ON      NM","0.980","1.861","1216914397.00","2025","07","19","2025-07-19"
"Bens Indls/Transporte","STBP3","SANTOS BRP","ON      NM","0.276","1.861","409543219.00","2025","07","19","2025-07-19"
"Cons N  Básico / Alimentos Processados","BRFS3","BRF SA","ON      NM","0.824","1.304","832617717.00","2025","07","19","2025-07-19"
"Cons N  Básico / Alimentos Processados","MRFG3","MARFRIG","ON      NM","0.261","1.304","237618211.00","2025","07","19","2025-07-19"
"Cons N  Básico / Alimentos Processados","BEEF3","MINERVA","ON      NM","0.108","1.304","433214256.00","2025","07","19","2025-07-19"
"Cons N  Básico / Alimentos Processados","SMTO3","SAO MARTINHO","ON      NM","0.111","1.304","128130966.00","2025","07","19","2025-07-19"
"Cons N Cíclico / Bebidas","ABEV3","AMBEV S/A","ON","2.843","2.843","4394835131.00","2025","07","19","2025-07-19"
"Cons N Cíclico / Comércio Distr.","ASAI3","ASSAI","ON      NM","0.635","0.716","1345897506.00","2025","07","19","2025-07-19"
"Cons N Cíclico / Comércio Distr.","PCAR3","P.ACUCAR-CBD","ON      NM","0.081","0.716","461260303.00","2025","07","19","2025-07-19"
"Cons N Cíclico / Pr Pessoal Limp","NATU3","NATURA","ON      NM","0.391","0.391","845713747.00","2025","07","19","2025-07-19"
"Cons N Ciclico/Agropecuária","SLCE3","SLC AGRICOLA","ON      NM","0.172","0.172","194261422.00","2025","07","19","2025-07-19"
"Consumo Cíclico / Comércio","AZZA3","AZZAS 2154","ON      NM","0.237","1.316","136643320.00","2025","07","19","2025-07-19"
"Consumo Cíclico / Comércio","LREN3","LOJAS RENNER","ON      NM","0.887","1.316","1030587204.00","2025","07","19","2025-07-19"
"Consumo Cíclico / Comércio","MGLU3","MAGAZ LUIZA","ON      NM","0.135","1.316","353448195.00","2025","07","19","2025-07-19"
"Consumo Cíclico / Comércio","PETZ3","PETZ","ON  ATZ NM","0.057","1.316","295519280.00","2025","07","19","2025-07-19"
"Consumo Cíclico / Tecid Vest Calç","VIVA3","VIVARA S.A.","ON      NM","0.153","0.153","123160591.00","2025","07","19","2025-07-19"
"Consumo Cíclico/Constr Civil","CYRE3","CYRELA REALT","ON      NM","0.332","0.653","257174951.00","2025","07","19","2025-07-19"
"Consumo Cíclico/Constr Civil","DIRR3","DIRECIONAL","ON      NM","0.212","0.653","108541907.00","2025","07","19","2025-07-19"
"Consumo Cíclico/Constr Civil","MRVE3","MRV","ON      NM","0.109","0.653","375507695.00","2025","07","19","2025-07-19"
"Consumo Cíclico/Viagens e Lazer","CVCB3","CVC BRASIL","ON      NM","0.052","0.402","450926127.00","2025","07","19","2025-07-19"
"Consumo Cíclico/Viagens e Lazer","SMFT3","SMART FIT","ON      NM","0.350","0.402","328547988.00","2025","07","19","2025-07-19"
"Diversos","COGN3","COGNA ON","ON      NM","0.236","2.157","1872454628.00","2025","07","19","2025-07-19"
"Diversos","RENT3","LOCALIZA","ON      NM","1.663","2.157","956264719.00","2025","07","19","2025-07-19"
"Diversos","VAMO3","VAMOS","ON      NM","0.090","2.157","485166826.00","2025","07","19","2025-07-19"
"Diversos","YDUQ3","YDUQS PART","ON      NM","0.168","2.157","260249057.00","2025","07","19","2025-07-19"
"Financ e Outros / Explor Imóveis","ALOS3","ALLOS","ON      NM","0.502","1.092","476976044.00","2025","07","19","2025-07-19"
"Financ e Outros / Explor Imóveis","IGTI11","IGUATEMI S.A","UNT     N1","0.205","1.092","198474750.00","2025","07","19","2025-07-19"
"Financ e Outros / Explor Imóveis","MULT3","MULTIPLAN","ON      N2","0.385","1.092","314311970.00","2025","07","19","2025-07-19"
"Financ e Outros / Holdings Divers","ITSA4","ITAUSA","PN      N1","2.972","2.972","5856697902.00","2025","07","19","2025-07-19"
"Financ e Outros / Interms Financs","BBDC3","BRADESCO","ON      N1","0.960","18.727","1469064981.00","2025","07","19","2025-07-19"
"Financ e Outros / Interms Financs","BBDC4","BRADESCO","PN      N1","3.890","18.727","5111682020.00","2025","07","19","2025-07-19"
"Financ e Outros / Interms Financs","BBAS3","BRASIL","ON      NM","2.797","18.727","2842613858.00","2025","07","19","2025-07-19"
"Financ e Outros / Interms Financs","BPAC11","BTGP BANCO","UNT     N2","2.521","18.727","1287247964.00","2025","07","19","2025-07-19"
"Financ e Outros / Interms Financs","ITUB4","ITAUUNIBANCO","PN      N1","8.103","18.727","4757320048.00","2025","07","19","2025-07-19"
"Financ e Outros / Interms Financs","SANB11","SANTANDER BR","UNT EJ","0.456","18.727","356586730.00","2025","07","19","2025-07-19"
"Financ e Outros / Previd  Seguros","BBSE3","BBSEGURIDADE","ON      NM","1.062","2.104","637332335.00","2025","07","19","2025-07-19"
"Financ e Outros / Previd  Seguros","CXSE3","CAIXA SEGURI","ON      NM","0.407","2.104","600000000.00","2025","07","19","2025-07-19"
"Financ e Outros / Previd  Seguros","IRBR3","IRBBRASIL RE","ON      NM","0.176","2.104","81838243.00","2025","07","19","2025-07-19"
"Financ e Outros / Previd  Seguros","PSSA3","PORTO SEGURO","ON      NM","0.459","2.104","182560698.00","2025","07","19","2025-07-19"
"Financeiro e Outros/Serviços Financeiros Diversos","B3SA3","B3","ON      NM","3.276","3.276","5200055464.00","2025","07","19","2025-07-19"
"Mats Básicos / Madeira e Papel","KLBN11","KLABIN S/A","UNT     N2","0.698","2.249","765785673.00","2025","07","19","2025-07-19"
"Mats Básicos / Madeira e Papel","SUZB3","SUZANO S.A.","ON  ATZ NM","1.551","2.249","630821784.00","2025","07","19","2025-07-19"
"Mats Básicos / Mineração","BRAP4","BRADESPAR","PN      N1","0.197","11.917","250982988.00","2025","07","19","2025-07-19"
"Mats Básicos / Mineração","CMIN3","CSNMINERACAO","ON      N2","0.403","11.917","1646519336.00","2025","07","19","2025-07-19"
"Mats Básicos / Mineração","VALE3","VALE","ON      NM","11.317","11.917","4270903023.00","2025","07","19","2025-07-19"
"Mats Básicos / Químicos","BRKM5","BRASKEM","PNA     N1","0.107","0.107","265388400.00","2025","07","19","2025-07-19"
"Mats Básicos / Sid Metalurgia","GGBR4","GERDAU","PN      N1","1.023","1.670","1308152318.00","2025","07","19","2025-07-19"
"Mats Básicos / Sid Metalurgia","GOAU4","GERDAU MET","PN      N1","0.273","1.670","623866944.00","2025","07","19","2025-07-19"
"Mats Básicos / Sid Metalurgia","CSNA3","SID NACIONAL","ON","0.276","1.670","727459637.00","2025","07","19","2025-07-19"
"Mats Básicos / Sid Metalurgia","USIM5","USIMINAS","PNA     N1","0.098","1.670","515193199.00","2025","07","19","2025-07-19"
"Petróleo, Gás e Biocombustíveis","BRAV3","BRAVA","ON  ATZ NM","0.411","15.830","451311960.00","2025","07","19","2025-07-19"
"Petróleo, Gás e Biocombustíveis","CSAN3","COSAN","ON      NM","0.336","15.830","1160227510.00","2025","07","19","2025-07-19"
"Petróleo, Gás e Biocombustíveis","PETR3","PETROBRAS","ON      N2","4.608","15.830","2820420899.00","2025","07","19","2025-07-19"
"Petróleo, Gás e Biocombustíveis","PETR4","PETROBRAS","PN      N2","6.638","15.830","4410955873.00","2025","07","19","2025-07-19"
"Petróleo, Gás e Biocombustíveis","RECV3","PETRORECSA","ON      NM","0.183","15.830","274981010.00","2025","07","19","2025-07-19"
"Petróleo, Gás e Biocombustíveis","PRIO3","PETRORIO","ON      NM","1.640","15.830","779999989.00","2025","07","19","2025-07-19"
"Petróleo, Gás e Biocombustíveis","RAIZ4","RAIZEN","PN      N2","0.089","15.830","1210756333.00","2025","07","19","2025-07-19"
"Petróleo, Gás e Biocombustíveis","UGPA3","ULTRAPAR","ON      NM","0.830","15.830","1089082981.00","2025","07","19","2025-07-19"
"Petróleo, Gás e Biocombustíveis","VBBR3","VIBRA","ON      NM","1.095","15.830","1113939036.00","2025","07","19","2025-07-19"
"Saúde/Comércio Distr.","HYPE3","HYPERA","ON      NM","0.462","1.315","360057207.00","2025","07","19","2025-07-19"
"Saúde/Comércio Distr.","RADL3","RAIADROGASIL","ON      NM","0.853","1.315","1297567800.00","2025","07","19","2025-07-19"
"Saúde/SM Hosp An.Diag","FLRY3","FLEURY","ON      NM","0.280","2.596","455988366.00","2025","07","19","2025-07-19"
"Saúde/SM Hosp An.Diag","HAPV3","HAPVIDA","ON      NM","0.487","2.596","311217208.00","2025","07","19","2025-07-19"
"Saúde/SM Hosp An.Diag","RDOR3","REDE D OR","ON      NM","1.829","2.596","1145289019.00","2025","07","19","2025-07-19"
"Tec.Informação/Programas Servs","TOTS3","TOTVS","ON      NM","1.076","1.076","531531039.00","2025","07","19","2025-07-19"
"Telecomunicação","VIVT3","TELEF BRASIL","ON","1.150","1.948","764884256.00","2025","07","19","2025-07-19"
"Telecomunicação","TIMS3","TIM","ON      NM","0.798","1.948","806346600.00","2025","07","19","2025-07-19"
"Utilidade Públ / Água Saneamento","SBSP3","SABESP","ON      NM","3.674","3.674","683495706.00","2025","07","19","2025-07-19"
"Utilidade Públ / Energ Elétrica","AURE3","AUREN","ON      NM","0.141","11.728","323738747.00","2025","07","19","2025-07-19"
"Utilidade Públ / Energ Elétrica","CMIG4","CEMIG","PN      N1","0.937","11.728","1858636840.00","2025","07","19","2025-07-19"
"Utilidade Públ / Energ Elétrica","CPLE6","COPEL","PNB     N2","0.965","11.728","1671982390.00","2025","07","19","2025-07-19"
"Utilidade Públ / Energ Elétrica","CPFE3","CPFL ENERGIA","ON      NM","0.348","11.728","187732538.00","2025","07","19","2025-07-19"
"Utilidade Públ / Energ Elétrica","ELET3","ELETROBRAS","ON      N1","3.422","11.728","1808652474.00","2025","07","19","2025-07-19"
"Utilidade Públ / Energ Elétrica","ELET6","ELETROBRAS","PNB     N1","0.555","11.728","268875696.00","2025","07","19","2025-07-19"
"Utilidade Públ / Energ Elétrica","ENGI11","ENERGISA","UNT     N2","0.718","11.728","326175300.00","2025","07","19","2025-07-19"
"Utilidade Públ / Energ Elétrica","ENEV3","ENEVA","ON      NM","1.268","11.728","1907494195.00","2025","07","19","2025-07-19"
"Utilidade Públ / Energ Elétrica","EGIE3","ENGIE BRASIL","ON      NM","0.517","11.728","255236938.00","2025","07","19","2025-07-19"
"Utilidade Públ / Energ Elétrica","EQTL3","EQUATORIAL","ON      NM","2.068","11.728","1244304866.00","2025","07","19","2025-07-19"
"Utilidade Públ / Energ Elétrica","ISAE4","ISA ENERGIA","PN      N1","0.431","11.728","395801044.00","2025","07","19","2025-07-19"
"Utilidade Públ / Energ Elétrica","TAEE11","TAESA","UNT     N2","0.358","11.728","218568234.00","2025","07","19","2025-07-19"
